id,tier,category,subcategory,source,publisher,url,covers,unit_type,geo_granularity,cadence,lag,format,access_method,all_bidders_or_awarded,history_depth,license,verification,notes
F01,1,federal,material_index,PPI commodity indexes (WPU…),BLS,https://api.bls.gov/publicAPI/v2/timeseries/data/,"Lumber, steel mill, fabricated metal, fasteners, copper wire, cement, ready-mix, gypsum, aggregates, insulation, asphalt mixes, plastics, paint, glass, diesel",index,national,monthly,~2 weeks (revised +4 mo),JSON/flat files,API (free key; 500 q/day) + https://download.bls.gov/pub/time.series/wp/,n/a,1980s+,public domain,verified,National only; use for temporal escalation of material bases. AGC PPI Tables PDF lists ~40 curated series IDs.
F02,1,federal,material_index,PPI inputs-to-construction (WPUIP23…),BLS,https://www.bls.gov/ppi/factsheets/producer-price-index-by-commodity-for-inputs-to-industries-construction.htm,"Goods less foods/energy, services; new residential, new nonresidential, maintenance & repair",index,national,monthly,~2 weeks,JSON/flat,API,n/a,Dec 2014 base,public domain,verified,Series WPUIP2300001 WPUIP231100 WPUIP231200 WPUIP232000
F03,1,federal,output_index,PPI new nonresidential building construction (PCU2364xx),BLS,https://www.bls.gov/ppi/notices/2016/ppi-introduces-regional-indexes-for-new-nonresidential-building-construction.htm,"Contractor output prices: industrial, warehouse, school, office, health care; concrete/roofing/electrical/plumbing trades",index,national + 4 Census regions,monthly,~2 weeks,JSON/flat,API,n/a,2007+ (regional 2016+),public domain,verified,Only regionally disaggregated PPI for construction
F04,1,federal,labor_rate,OEWS occupational wages (SOC 47-xxxx),BLS,https://www.bls.gov/oes/special-requests/oesm25all.zip,"Hourly mean, median, P10/P25/P75/P90 by trade; national by NAICS",$/hr,"national, state, ~530 MSA + nonmetro areas",annual (May ref),~11-12 months,XLSX zips (oesm{yy}all.zip),bulk download (browser UA required),n/a,1997+,public domain,verified,May 2025 released 15 May 2026; area definitions https://www.bls.gov/oes/area_definitions_m2025.xlsx ; series ID 25 chars OE+U+areatype+area(7)+industry(6)+SOC(6)+datatype(2); no county; no fringe
F05,1,federal,labor_rate,QCEW county wages by NAICS 236/237/238,BLS,https://data.bls.gov/cew/data/api/{year}/{qtr}/industry/{naics}.csv,"Avg weekly wage, employment, establishments by county × NAICS 4-6 digit",$/week,county,quarterly,5-6 months,CSV,open-data CSV slices (no key),n/a,1975+ (zips),public domain,verified,Best free county wage signal; suppression at fine NAICS; MSA industry detail dropped Q3 2025
F06,1,federal,labor_index,CES average hourly earnings construction (CES2000000003; SAE SMU…20000000003),BLS,https://download.bls.gov/pub/time.series/ce/,AHE and hours construction supersector,$/hr,national; state; large MSAs,monthly,~1 week (state ~3 wks),flat/JSON,API/FRED,n/a,1947+/2006+,public domain,verified,Monthly escalation/nowcast
F07,1,federal,labor_index,Employment Cost Index construction (CIU2012300000000I),BLS,https://www.bls.gov/eci/,Fixed-weight wages & total comp index,index,national; regions,quarterly,~1 month,JSON,API/FRED,n/a,2005+,public domain,verified,DOL uses ECI to age Davis-Bacon survey rates
F08,1,federal,labor_burden,Employer Costs for Employee Compensation (construction),BLS,https://www.bls.gov/ecec/,"Wages vs benefits $/hr incl. legally required (WC, SUTA, FICA)",$/hr,"national, regions, 15 largest MSAs",quarterly,~3 months,HTML/XLSX,API,n/a,2004+,public domain,verified,Benefit-burden ratios; no state estimates
F09,1,federal,labor_rate,Davis-Bacon wage determinations,DOL WHD via SAM.gov,https://sam.gov/wage-determinations,Base wage + fringe by craft for Building/Residential/Heavy/Highway,$/hr,county (groups),weekly modifications,days,text in JSON,undocumented JSON: https://sam.gov/api/prod/sgs/v1/search?index=dbra… and /api/prod/wdol/v1/wd/{id}/{rev},n/a,current + history endpoint,public domain,verified (endpoints from OSS clients),"No official API/bulk; ~68.7k WD records ~6% active; union lines fresh, SU survey lines can be a decade stale; parsers: grey-flannel/usdol-wage-determination-data"
F10,1,federal,labor_rate,Service Contract Act wage determinations,DOL via SAM.gov,https://sam.gov/wage-determinations,Maintenance-trade rates (carpenter/electrician/HVAC/plumber maint.),$/hr,county groups,annual + updates,days,text,same endpoints index=sca,n/a,current,public domain,verified,Cross-check for maintenance trades
F11,1,federal,labor_rate,Quarterly Workforce Indicators (LEHD),Census,https://api.census.gov/data/timeseries/qwi/sa,"Avg monthly earnings (stable, new hires) by county × NAICS 4-digit",$/month,county / CBSA / state,quarterly,~9 months,JSON/CSV,API (key) + https://lehd.ces.census.gov/data/qwi/,n/a,1990s+ (varies by state),public domain,verified,New-hire earnings ≈ current bid wage
F12,1,federal,labor_rate,ACS PUMS occupation wages,Census,https://api.census.gov/data/{yr}/acs/acs5/pums,Person-level wages/hours by occupation incl. self-employed,$/yr,PUMA / state,annual,~1 year,CSV/API,API/FTP,n/a,2005+,public domain,knowledge,Only source covering self-employed trades
F13,1,federal,market_volume,Construction Spending (VIP),Census,https://api.census.gov/data/timeseries/eits/vip,Monthly $ value put in place by category,$,national,monthly,~1 month,JSON,API (key required from May 2026),n/a,1993+,public domain,verified,Weighting/deflators
F14,1,federal,transaction,Building Permits Survey,Census,https://www2.census.gov/programs-surveys/bps/,"Permits, units, valuation by structure type",$ valuation,"county, place, metro, state",county annual (May); monthly at state/MSA/place,~1 month,ASCII CSV (county annual file coYYYYa.txt),FTP (www2.census.gov/programs-surveys/bps/),n/a,1980+,public domain,verified,Path is /programs-surveys/bps/ (not /econ/bps/); valuations self-reported and understated
F15,1,federal,benchmark,Survey of Construction microdata (single-family price/SF),Census,https://www.census.gov/construction/chars/microdata.html,"Sales price, sq ft, characteristics per sampled house",$/SF,Census division × metro flag,annual,~6 months,CSV,download,n/a,1999+,public domain,verified,Next file 1 Jul 2026
F16,1,federal,benchmark,Price Indexes of New Single-Family Houses Sold,Census,https://www.census.gov/construction/cpi/index.html,Constant-quality house price indexes,index,national + 4 regions,quarterly,~2 months,XLS/PDF,download,n/a,1963+,public domain,verified,Residential escalation by region
F17,1,federal,context,County Business Patterns (NAICS 23),Census,https://api.census.gov/data/{year}/cbp,"Establishments, employment, payroll by county/ZIP × NAICS",count/$,county / ZIP / MSA,annual,~2 years,JSON,API,n/a,1986+,public domain,verified,Contractor density; payroll/employee proxy
F18,1,federal,heavy_index,National Highway Construction Cost Index (NHCCI),FHWA,https://www.fhwa.dot.gov/policy/otps/nhcci/,Chained Fisher index from state DOT winning bids + component contributions,index,national,quarterly,~1 quarter,dashboard export / Socrata,https://data.bts.gov/Research-and-Statistics/National-Highway-Construction-Cost-Index-NHCCI-/wgzr-nyxc,awarded,2003+,public domain,verified,Built from Oman Systems BidTabs; item-level bids not released
F19,1,federal,transaction,FMIS federal-aid project listings (Transparency Act),FHWA,https://www.fhwa.dot.gov/transparencyact/,"Per project obligations, est. total cost, county, improvement type",$,county/project,annual,~1 year,HTML/Excel per state,download,n/a,2010+,public domain,verified,Obligations not bids
F20,1,federal,heavy_index,Civil Works Construction Cost Index System (CWCCIS) EM 1110-2-1304,USACE,https://www.nww.usace.army.mil/Portals/28/CWCCIS_Tables_SEP-2025.pdf,"Indexes by civil-works feature (dams, levees, channels…); Table A-3 state adjustment factors",index,national + state factors,tables semiannual (Sep 2025 latest); EM revision 2021,months,PDF,download,n/a,1967 base,public domain,verified,PDF only; base 1967=100; Table A-3 state adjustment factors; EM https://www.publications.usace.army.mil/Portals/76/Users/182/86/2486/EM%201110-2-1304_2021.pdf
F21,1,federal,location_factor,DoD Facilities Pricing Guide UFS 3-701-01 (2 Feb 2026) — Area Cost Factors + facility unit costs,DoD (NAVFAC/USACE/AFCEC),https://www.wbdg.org/FFC/DOD/UFC/ufs_3_701_01_2026.pdf,"Table 4-1 ACFs (213 CONUS locations; 8 crafts, 18 materials, 4 equipment; M/L/E 63/35/2); Table 2 $/SF by facility type; Table 6 site/utility $/UOM; escalation tables",factor + $/SF + $/UOM,city/installation (96 base cities),annual,~1 year,PDF + combined Excel 'Related Materials',download (S3 mirror nibs-s3-wbdg3-production.s3.us-east-1.amazonaws.com),n/a,annual editions,public domain,verified (PDF read),Best free composite location factor; city-level not county
F22,1,federal,location_factor,PAX Newsletter 3.2.1 Army Area Cost Factors,USACE,https://usace.contentdm.oclc.org/digital/api/collection/p16021coll8/id/4441/download,Army ACF list,factor,installation/city,annual,~1 year,PDF,download,n/a,2023 ed,public domain,verified,Companion to UFC 3-701-01
F23,4,federal,unit_price_db,MII / MCACES Cost Book (Unit Price Book),USACE Huntsville / licensed,https://www.hnc.usace.army.mil/Portals/65/docs/PAO/Fact%20Sheets/2018%20Fact%20Sheets/TRACES%201809.pdf,~70k line items M/L/E,$/unit,national + ACF,annual,—,software DB,commercial license required,n/a,—,licensed (not open),verified,Not open data despite being government-used
F24,1,federal,equipment,Schedule of Equipment Rates,FEMA,https://www.fema.gov/sites/default/files/documents/fema_pa_schedule-equipment-rates_2025.pdf,~1000 equipment types hourly rates (excl. operator),$/hr,national,2025 edition (disasters declared on/after Jul 1 2025),—,PDF (Excel historically),download; OpenFEMA/data.gov dataset https://catalog.data.gov/dataset/schedule-of-equipment-rates,n/a,multiple editions,public domain,verified,Reimbursement ceilings not market rental
F25,1,federal,equipment,EP 1110-1-8 Construction Equipment Ownership & Operating Expense Schedule,USACE,https://www.publications.usace.army.mil/Portals/76/Users/182/86/2486/EP%201110-1-8_RV1-12.pdf,Ownership + operating $/hr by make/model,$/hr,12 regions,latest verified edition Nov 2016 (no 2023-26 edition found),—,PDF,download,n/a,multiple editions,public domain,verified,PDF parse; fuel adjustment needed
F26,2,federal,unit_price,EQIP payment schedules / cost lists,USDA NRCS,https://www.nrcs.usda.gov/getting-assistance/payment-schedules,"Typical cost by practice scenario (fence, pipe, earthwork, concrete structures, roads) built from M/L/E components",$/ft $/CY $/ea $/ac,state (some sub-regions),annual (Oct-Dec),—,PDF (some Excel) per state,download,n/a,several years,public domain,verified,Rare absolute state-level unit prices; program estimates not bids
F27,1,federal,heavy_index,Construction Cost Trends,Bureau of Reclamation,https://www.usbr.gov/tsc/techreferences/mands/cct.html,"Composite + ~30 category indexes (dams, pipelines, pumping plants, canals)",index,national/Western,quarterly,~1 quarter,PDF,download,n/a,1940+,public domain,verified,Water infrastructure escalation
F28,1,federal,fuel,Weekly retail fuel prices (diesel/gasoline),EIA,https://api.eia.gov/v2/petroleum/pri/gnd/data/,"Diesel, gasoline $/gal",$/gal,"US, PADD/sub-PADD, ~10 states, select cities",weekly,days,JSON,API (free key),n/a,1990s+,public domain,verified,Fuel surcharges for hauling/asphalt/equipment
F29,1,federal,aggregator,FRED,St. Louis Fed,https://api.stlouisfed.org/fred/series/observations,Mirrors BLS PPI/CES/ECI; Census VIP/permits,index,national (some state),per source,per source,JSON/CSV,API (free key; 120 req/min),n/a,per source,mixed (govt series public),verified,Convenience aggregator
F30,1,federal,transaction,USAspending contract awards (NAICS 236/237/238),Treasury,https://api.usaspending.gov/api/v2/search/spending_by_award/,Obligations by award with place of performance county/ZIP,$,county/ZIP/project,daily,days,JSON / bulk CSV,API (no key) + bulk_download,n/a,FY2008+,public domain,verified,Project-level benchmarks; no unit prices
F31,1,federal,transaction,FPDS ATOM feeds,GSA,https://www.fpds.gov/ezsearch/FEEDS/ATOM?FEEDNAME=PUBLIC,Contract award records,$,county/ZIP,daily,days,XML,feed,n/a,FY2004+,public domain,knowledge,Source of USAspending contracts
F32,2,federal,transaction,OpenFEMA Public Assistance Funded Projects,FEMA,https://www.fema.gov/api/open/v2/PublicAssistanceFundedProjectsDetails,Project amounts by county/damage category,$,county/project,continuous,months,JSON/CSV,API (no key),n/a,1998+,public domain,knowledge,Disaster repair cost benchmarks
F33,3,federal,methodology,FEMA Cost Estimating Format (CEF) + cost codes,FEMA,https://www.fema.gov/assistance/public/tools-resources/cost-estimating-tool,CEF Excel template; cost-code unit prices internal,$/unit,national,periodic,—,Excel/PDF,cost codes login-only (Grants Portal),n/a,—,public (template) / internal (codes),verified,Unit prices not open
F34,1,federal,benchmark,VA Cost Estimating Manual,VA CFM,https://www.cfm.va.gov/cost/CostEstimatingManual.pdf,Methodology + escalation; VAMC unit-cost guides moved to intranet,$/SF,VA locations,periodic,—,PDF,download,n/a,2022,public domain,verified,Low data value
F35,1,federal,benchmark,NPS Cost Estimating Requirements Handbook,NPS DSC,https://www.nps.gov/dscw/upload/CostEstimatingRequirementsHandbook-062025-508.docx,Class C benchmark guidance; cost DB internal,—,national,periodic,—,DOCX/PDF,download,n/a,2025,public domain,verified,Low data value
F36,1,federal,specialty_solar,PV System Cost Benchmark,NREL,https://www.osti.gov/dataexplorer/biblio/dataset/3009689,"$/W by component (modules, inverters, BOS, labor, soft costs)",$/W,national,annual,~1 year,XLSX/PDF,download,n/a,2010+,open (attribution),verified,Q1 2025 dataset
F37,1,federal,specialty_solar,Tracking the Sun,LBNL,https://emp.lbl.gov/tracking-the-sun,Per-system installed price for >1.5M PV systems (state; some county/ZIP),$/W,state (system-level records),annual (mid-Oct),~1 year,CSV (~1.9 GB),download,n/a,2000+,open,verified,Best-instrumented specialty trade
F38,1,federal,specialty_solar,Solar TRACE (permit/inspection timelines & fees by AHJ),NREL,https://solartrace.nrel.gov/,Permitting fees and timelines by jurisdiction,$/days,AHJ (city/county),annual,—,XLSX,download,n/a,2025 v9,open,verified,Soft-cost localization
F39,1,federal,specialty_storage,Utility-scale battery cost projections,NREL,https://docs.nlr.gov/docs/fy25osti/93281.pdf,$/kWh projections,$/kWh,national,annual,—,PDF,download,n/a,2025,open,verified,NREL rebranding to NLR
F40,1,federal,location_factor,Regional Price Parities,BEA,https://www.bea.gov/data/prices-inflation/regional-price-parities-state-and-metro-area,"Goods, rents, other services price level by state/MSA",index,state; MSA (376); metro/nonmetro portion,annual (2024 data released Feb 2026; 2025 due Dec 10 2026),~1 year,CSV zip / API,bulk + API (key),n/a,2008+,public domain,verified,Tables SARPP/MARPP/PARPP in Regional dataset; 2024 highs CA 110.7 HI 110.0 NJ 108.8; lows AR 86.9 MS 87.0
F41,2,federal,benchmark,HUD Total Development Cost & Housing Construction Cost limits,HUD PIH,https://www.hud.gov/sites/dfiles/PIH/documents/2024_Units_TDC_Limits.pdf,$/unit by structure type × bedroom count; derivation = avg of RSMeans (average) and Marshall & Swift (good) residential indices (24 CFR 905.314); HUD-50156 TDC workbook XLSX,$/unit,city/PHA,annual,—,PDF/Excel,download,n/a,2000+,public domain,verified (2024); 2025/26 not found,Multifamily location benchmark
F42,2,federal,benchmark,FTA Capital Cost Database,FTA,https://www.transit.dot.gov/capital-cost-database,As-built costs by FTA Standard Cost Category for 54-65 transit projects,$/unit,project,periodic,—,Excel + Quick Guide PDF (June 2023),download,n/a,multiple,public domain,verified,Transit-specific
F43,1,federal,material_price,"Mineral Commodity Summaries + Minerals Yearbook (cement, crushed stone, sand & gravel, gypsum, copper)",USGS,https://www.usgs.gov/centers/national-minerals-information-center,Annual average unit values; state-level production/value in Yearbook,$/ton,national + state,annual,~1 year,XLSX/PDF,download (ScienceBase DOI),n/a,decades,public domain,verified (referenced),State-level cement/aggregate values
F44,1,federal,labor_rate,OFLC Online Wage Library (OEWS-derived Level 1-4),DOL OFLC,https://flag.dol.gov/wage-data/wage-search/,Prevailing wage levels by SOC × area,$/hr,MSA/state,annual (July),—,web + yearly extract,download,n/a,multiple,public domain,verified,FLCDataCenter discontinued Jul 1 2024; wage year 7/2025-6/2026; bulk file name not found
F45,1,federal,geo,HUD USPS ZIP-County/Tract/CBSA crosswalk,HUD,https://www.huduser.gov/hudapi/public/usps,ZIP→county/tract/CBSA with res/bus address ratios,ratio,ZIP,quarterly,—,JSON/Excel,API (token),n/a,2010+,public domain,verified,ZIP≠ZCTA; needed for ZIP3 mapping
F46,1,federal,geo,OMB CBSA delineation files,Census/OMB,https://www2.census.gov/programs-surveys/metro-micro/geographies/reference-files/2023/delineation-files/list1_2023.csv,County→CBSA/CSA,—,county,per OMB bulletin,—,CSV/XLS,download,n/a,2003+,public domain,verified,Match vintage to OEWS
F47,1,federal,geo,TIGER/Line shapefiles,Census,https://www2.census.gov/geo/tiger/,"County, place, ZCTA, tract polygons",—,polygon,annual,—,shapefile,download,n/a,2007+,public domain,knowledge,County spine
F48,1,federal,scope_driver,IECC climate zones by county (Building America),DOE/PNNL,https://github.com/IMMM-SFA/diyepw,"County FIPS → IECC zone, moisture regime",—,county,static,—,CSV,download,n/a,2012/2021 vintages,public domain,verified (mirror),Drives insulation/HVAC scope
F49,1,federal,scope_driver,USGS Design Maps web service (ASCE 7 seismic),USGS,https://earthquake.usgs.gov/ws/designmaps/asce7-22.json,Seismic design parameters at a point,—,point,live,—,JSON,API (no key),n/a,—,public domain,verified,Structural scope multiplier
F50,3,federal,scope_driver,ATC Hazards by Location API,ATC,https://api-hazards.atcouncil.org/public/v1/,"Wind, snow, seismic, ice, rain, tornado (ASCE 7)",—,point,live,—,JSON,API,n/a,—,ATC terms (check commercial use),verified,Envelope/roof scope
F51,1,federal,scope_driver,National Flood Hazard Layer,FEMA,https://hazards.fema.gov/gis/nfhl/rest/services/public/NFHL/MapServer/28/query,Flood zone at a point,—,point,continuous,—,JSON,ArcGIS REST,n/a,—,public domain,verified,Foundation/elevation scope
F52,1,federal,scope_driver,SSURGO Soil Data Access,USDA NRCS,https://sdmdataaccess.nrcs.usda.gov/Tabular/post.rest,Soil engineering properties,—,map unit polygon,annual,—,SQL/JSON,API,n/a,—,public domain,verified,Foundation scope
S01,1,state,dot_bid_data,TxDOT Bid Tabulations (open data),Texas DOT via data.texas.gov,https://data.texas.gov/dataset/Bid-Tabulations/de7b-7dna,"Every bid item, every bidder, engineer's estimate, county, district, spec year",$/unit,county / 25 districts / statewide,per letting (monthly),~weeks,CSV / Socrata API,https://data.texas.gov/api/views/de7b-7dna/rows.csv?accessType=DOWNLOAD,all bidders,verify,open,verified,Best single structured US bid dataset; Bid Item Averages Power BI dashboard (24-mo rolling)
S02,1,state,dot_bid_data,TxDOT Average Low Bid Unit Prices (legacy) & Bid Items index,Texas DOT,https://www.txdot.gov/business/road-bridge-maintenance/contract-letting/bid-items-and-index.html,3- and 12-month avg low bid by item; district pages,$/unit,statewide + district,monthly,—,HTML/Excel,download,awarded,years,open,verified,Legacy district HTML pages back years
S03,1,state,dot_bid_data,ODOT (Oregon) Bid Item Prices spreadsheet + Weighted Average Item Prices,Oregon DOT,https://www.oregon.gov/odot/business/pages/average_bid_item_prices.aspx,"Bid date, contract, region, item, qty, price, bidder rank",$/unit,5 regions + statewide,continuous / annual PDF,—,XLSX + PDF,download,all bidders (rank),2019+ PDFs,open,verified,Excellent structured source
S04,1,state,dot_bid_data,ITD Item Average Price Report spreadsheet,Idaho Transportation Dept,https://apps.itd.idaho.gov/Apps/contractors/Reports/Avg_Unit_Price_Instructions.pdf,All bidders with rank per item,$/unit,statewide/district,continuous,—,XLSX,download,all bidders,verify,open,verified,
S05,1,state,dot_bid_data,WVDOH Average Unit Bid Prices,West Virginia DOH,https://transportation.wv.gov/highways/contractadmin/Lettings/Pages/AverageUnitBidPrices.aspx,"Min/mean/max, frequency, qty by district",$/unit,district,annual,—,XLS/PDF/TXT,download,all bids,2008+,open,verified,
S06,1,state,dot_bid_data,INDOT Unit Price Summaries,Indiana DOT,https://www.in.gov/indot/doing-business-with-indot/files/CY2024-Unit-Price-Summary.xlsx,Weighted avg/high/low from low bid,$/unit,statewide,annual (CY),—,XLSX,download,awarded (low bid),2008+,open,verified,Bid Viewer: https://erms12c.indot.in.gov/INDOTBidViewer/BidTabulations.aspx
S07,1,state,dot_bid_data,NCDOT Bid Averages (.xlsm) + Bid Tab Sheets,North Carolina DOT,https://connect.ncdot.gov/letting/pages/bid-tabs.aspx,Annual bid averages; per-letting tabs,$/unit,statewide,annual + per letting,—,XLSM + PDF,download,averages awarded; tabs all bidders,2017+,open,verified,
S08,1,state,dot_bid_data,VDOT Statewide Bid Tab Query + 2-yr Historical Bid Price Listing,Virginia DOT,https://bidtabs.vdot.virginia.gov/,NHCCI-indexed bid query; district & statewide 1-/2-yr averages,$/unit,9 districts + statewide,continuous / monthly,—,web app + XLSX/PDF,query + download,all bidders (likely),multi-year,open,verified,
S09,1,state,dot_bid_data,MassDOT Construction Project Estimator weighted bid prices,MassDOT,https://hwy.massdot.state.ma.us/CPE/,All responsive bids trimmed; mean & median by quantity band,$/unit,statewide (quantity bands),weekly,—,web app,query,all bidders,verify,open,verified,Unique quantity-banded means
S10,2,state,dot_bid_data,Caltrans Contract Cost Data database,Caltrans,https://d8data.dot.ca.gov/contractcost/resources.html,"Avg unit cost, std dev by item; contract detail",$/unit,12 districts + statewide,imported ~every 2 weeks,—,HTML query,scrape (results.php?cs=1&item=…),awarded contract prices (all-bidder coverage unverified),year filters back to 2008 seen,open (verify TOS),verified,No bulk export; district + year filters; CCI-adjusted price option; bid summaries downloadable per contract at ppmoe.dot.ca.gov/des/oe/awards/bidsum/
S11,2,state,dot_bid_data,FDOT Historical Item Average Cost reports + Bid Price Search,Florida DOT,https://www.fdot.gov/fpo/fpc/reports/historicalitemaveragecost,Quantity-weighted awarded prices by market area / district / statewide,$/unit,~14 market areas / 7 districts / statewide,monthly moving windows + annual,—,PDF; dashboard,download,awarded,2016+,open,verified,Public dashboard does NOT allow download (verified); PDF reports by market area/district/statewide
S12,2,state,dot_bid_data,WSDOT Unit Bid Analysis + bid tabulations,Washington State DOT,https://wsdot.wa.gov/engineering-standards/design-topics/engineering-applications/unit-bid-analysis,Bid history by item/contractor/county/date,$/unit,county / region / statewide,continuous,—,web query + Excel export,query,UBA = 3 lowest bidders only; bid tabulations page = all bidders + engineer estimate,verify,open,verified,Bid tabs: https://wsdot.wa.gov/business-wsdot/contracts/about-public-works-contracts/public-works-contract-history/bid-tabulations ; bid history downloadable reports
S13,2,state,dot_bid_data,NYSDOT Weighted Average Item Price Report (WAIPR),NYSDOT,https://www.dot.ny.gov/divisions/engineering/design/dqab/waipr,Weighted avg awarded price per item by region,$/unit,11 regions + statewide,semiannual,—,PDF,download,awarded,2010+,open,verified,
S14,2,state,dot_bid_data,MnDOT Abstracts + average bid price reports + CCI,MnDOT,https://www.dot.state.mn.us/bidlet/abstract.html,All bidders + engineer's estimate per project,$/unit,statewide (district in abstracts),per letting,—,PDF,download,all bidders,verify,open,verified,Third-party mndotbidprices.com scraped these
S15,2,state,dot_bid_data,PennDOT ECMS bid results / item price history,PennDOT,https://www.ecms.penndot.gov,Bid tabs (ranked bidders); item price history,$/unit,statewide/district,per letting (biweekly),—,HTML app,web app; anonymous login exists; Item Price History reportedly public (confirm),3 lowest bidders item-by-item + totals for all others,verify,open,partially verified,Item Price History help: https://www.ecms.penndot.gov/ecmshelp/WebHelp/Design_and_Construction/Project_Items_and_Quantities/Item_Price_History_Search.htm
S16,2,state,dot_bid_data,Ohio DOT Bid Data (Item Price Search; Bid Tabs; Summary of Contracts Awarded),ODOT,https://www.transportation.ohio.gov/working/contracts/estimating/bid-data,Interactive item price search; annual summary; archive 1994-2008,$/unit,statewide / district,per letting + annual,—,Power BI + PDF + Excel,web,all bidders,1994+,open,verified,"Filters by item, project type, contractor, location; refreshes on award; reports page https://www.transportation.ohio.gov/business/contracts/estimating/bid-data-reports"
S17,2,state,dot_bid_data,IDOT Letting & Bidding (Unit Price Tabulation of Bids; Pay Item Report with Awarded Prices),Illinois DOT,https://webapps.dot.illinois.gov/WCTB/LbHome,All bidders per item; awarded prices with county/district,$/unit,county + 9 districts,per letting (~monthly),—,PDF/HTML,download,all bidders,verify,open,verified,
S18,2,state,dot_bid_data,MDOT Bid Letting (Michigan),Michigan DOT,https://mdotjboss.state.mi.us/BidLetting/BidLettingHome.htm,Per-letting bid tabs (all bidders),$/unit,statewide/region,per letting,—,HTML/PDF,download,all bidders,verify,open,verified,LTAP guide on computing averages
S19,2,state,dot_bid_data,WisDOT Statewide Average Unit Price List + letting results,Wisconsin DOT,https://wisconsindot.gov/hccidocs/contracting-info/average-unit-price.pdf,3 fiscal years of averages; per-letting all bids,$/unit,statewide,annual + per letting,—,PDF,download,list awarded; letting results all bidders,3 FY,open,verified,
S20,2,state,dot_bid_data,CDOT Cost Data Book + quarterly CCI,Colorado DOT,https://www.codot.gov/business/eema/costdatabook,Weighted avg by item per CY,$/unit,statewide (project detail),annual,—,PDF (state library archive 2001-2025),download,awarded,2001+,open,verified,
S21,2,state,dot_bid_data,ADOT Bid Tabulations (4-month window),Arizona DOT,https://cnsads.azdot.gov/tabulations,All bidders per letting,$/unit,statewide,per letting,—,HTML/PDF,download,all bidders,4 months online,open,verified,Must poll continuously to retain history
S22,2,state,dot_bid_data,MoDOT district Unit Bid Prices,Missouri DOT,https://modot.org/bid-opening-info,Avg/high/low by district,$/unit,district,annual,—,PDF (plans room ViewStream ids),download,all bids,2020+,open,verified,
S23,2,state,dot_bid_data,KDOT Historical Bid Tabs Index,Kansas DOT,https://kdotapp.ksdot.gov/BidTabs/,CSV index + tab files,$/unit,statewide,per letting,—,CSV + files,download,all bidders,verify,open,verified,
S24,2,state,dot_bid_data,Iowa DOT Bid Tabulations,Iowa DOT,https://iowadot.gov/consultants-contractors/contracts/historical-completed-lettings/bid-tabulations,Per-letting tabs,$/unit,statewide,per letting,~1 week,PDF,download,all bidders,verify,open,verified,Free mirror bidtabs.us/ia
S25,2,state,dot_bid_data,LADOTD bid tabulations,Louisiana DOTD,https://wwwapps.dotd.la.gov/engineering/lettings/bidstabs/,Per-letting item tabs (ASP.NET HTML),$/unit,statewide/district,per letting,—,HTML,scrape,all bidders,verify,open,verified,Clean HTML
S26,2,state,dot_bid_data,ALDOT Item Bid Summary + Bid Tabs (TXT/PDF),Alabama DOT,https://alletting.dot.state.al.us/DW_Pages/Pages/Item_Bid_Summary.html,18-month low/avg/max; per-letting tabs,$/unit,statewide,per letting,—,HTML/TXT/PDF,download,tabs all bidders,2025+ seen,open,verified,Text tabs easy to parse
S27,2,state,dot_bid_data,SCDOT bid tabs,South Carolina DOT,https://info2.scdot.org/bidtabs/Pages/home.aspx,Per-letting tabs,$/unit,statewide,per letting,—,PDF,download,all bidders,2017+,open,verified,
S28,2,state,dot_bid_data,TDOT Average Unit Prices + Summary of Bids,Tennessee DOT,https://www.tn.gov/content/dam/tn/tdot/construction/previous_lettings/Const_aup2025.pdf,Annual AUP; per-letting summary,$/unit,statewide,annual + per letting,—,PDF,download,AUP awarded; summary all bidders,2021+,open,verified,
S29,2,state,dot_bid_data,KYTC Average Unit Bid Prices,Kentucky Transportation Cabinet,https://transportation.ky.gov/Construction-Procurement/Pages/Average-Unit-Bid-Prices.aspx,Average unit bid prices; bid items XLS,$/unit,statewide,annual/periodic,—,XLS/HTML,download,verify,2015+,open,verified,
S30,2,state,dot_bid_data,Oklahoma DOT Average Price History,Oklahoma DOT,https://www.odot.org/contracts/avgprices/index.php,18-month window average prices,$/unit,statewide,semiannual,—,PDF,download,awarded (verify),2011+,open,verified,
S31,2,state,dot_bid_data,NMDOT Average Unit Bid Prices,New Mexico DOT,https://www.dot.nm.gov/infrastructure/plans-specifications-estimates-pse-bureau/average-unit-bid-prices/,Annual average unit bid prices,$/unit,statewide,annual,—,PDF/XLS,download,verify,verify,open,verified,
S32,2,state,dot_bid_data,SDDOT Bid Item Price Report,South Dakota DOT,https://dot.sd.gov/media/qqhgg24h/2024-bid-item-price-report.pdf,Annual item price report,$/unit,statewide,annual,—,PDF,download,verify,2020+,open,verified,
S33,2,state,dot_bid_data,MDT Weighted Average Prices Catalog,Montana DOT,https://mdt.mt.gov/other/webdata/external/contractplans/contract/Archives/Average_prices/2025.pdf,AASHTOWare PRECON002 report,$/unit,statewide,annual,—,PDF,download,weighted awarded,2016+,open,verified,
S34,2,state,dot_bid_data,WYDOT Weighted Average Bid Price,Wyoming DOT,https://www.dot.state.wy.us/home/business_with_wydot/contractors/contractor_bids/weighted_bid_price.html,Weighted averages; bid tabs; base index prices,$/unit,statewide,annual,—,PDF/HTML,download,weighted awarded,2006+,open,verified,
S35,2,state,dot_bid_data,NJDOT Bid Price Report + TXT bid tabs,New Jersey DOT,https://www.nj.gov/transportation/business/procurement/ConstrServ/,Annual weighted averages; per-contract TXT tabs,$/unit,statewide,annual + per letting,—,PDF + TXT,download,tabs all bidders,2013+,open,verified,TXT trivially parseable
S36,2,state,dot_bid_data,DelDOT Historic Bid Tab Search,Delaware DOT,https://deldot.gov/,Final bid tab display per contract,$/unit,statewide,per letting,—,HTML,web,all bidders,2015+,open,verified,
S37,2,state,dot_bid_data,MDOT SHA Price Index (semiannual),Maryland SHA,https://roads.maryland.gov/mdotsha/pages/Index.aspx?PageId=34,"Contract, date, qty, unit price per item",$/unit,statewide,semiannual,—,PDF,download,awarded,2020+,open,verified,
S38,2,state,dot_bid_data,NHDOT Current Weighted Average Unit Prices,New Hampshire DOT,https://www.dot.nh.gov/sites/g/files/ehbemt811/files/inline-documents/current-weighted-average-unit-prices.pdf,Weighted averages,$/unit,statewide,periodic,—,PDF,download,weighted awarded,current only,open,verified,
S39,2,state,dot_bid_data,VTrans 2/5-year Average Prices + Master Pay Item List,Vermont AOT,https://vtrans.vermont.gov/cost-estimating,Averages over 2/5 years,$/unit,statewide,annual,—,PDF/XLS,download,verify,5-yr window,open,verified,
S40,2,state,dot_bid_data,RIDOT PMP bid tabs + weighted average unit prices,Rhode Island DOT,https://www.pmp.dot.ri.gov/,Per-letting tabs; weighted averages,$/unit,statewide,per letting,—,web + PDF,web,all bidders,verify,open,verified,
S41,2,state,dot_bid_data,DDOT Price Index + Bid Tabulations + Estimation Catalog XML,District DOT,https://ddot.dc.gov/page/price-index,Price index; tabs; item catalog XML,$/unit,district,per letting,—,PDF/XML,download,all offerors,verify,open,verified,
S42,2,state,dot_bid_data,Nebraska DOT Bid Item History + AUP,Nebraska DOT,https://dot.nebraska.gov/business-center/business-opp/hwy-bridge-lp/item-history/,Item history search; annual AUP,$/unit,statewide,annual,—,web + PDF,query,verify,verify,open,verified,
S43,2,state,dot_bid_data,MDOT (Mississippi) Item Bid Prices,Mississippi DOT,https://mdot.ms.gov/portal/item_bid_prices,JS app (likely JSON API behind),$/unit,statewide,continuous,—,web app,inspect XHR,verify,verify,open,verified,
S44,2,state,dot_bid_data,ARDOT Weighted Average Prices + Bid Tabulations,Arkansas DOT,https://ardot.gov/,High/low/avg/weighted per item,$/unit,statewide,annual + per letting,—,PDF,download,all bids,2020+,open,verified,
S45,2,state,dot_bid_data,Alaska DOT&PF Bid Item Search + historical bid prices,Alaska DOT&PF,https://dot.alaska.gov/procurement/awp/biddata.html,Bid item search; pre-2018 archive,$/unit,region,continuous,—,web + archive,query,verify,pre-2018 archive,open,verified,
S46,2,state,dot_bid_data,NDDOT Average Awarded Bid Prices (AABP) + Bid Opening Reports,North Dakota DOT,https://dot.nd.gov/pacer/AABP2024E.pdf,Annual average awarded prices by bid item; bid opening reports (apparent low + EE),$,statewide,annual (Jan) + per letting,—,PDF,download,awarded,2021/2023/2024 files verified,open,verified,Index https://www.dot.nd.gov/pacer/bidopenrptindex.html
S47,2,state,dot_bid_data,NDOT (Nevada) E-Bidding Portal,Nevada DOT,https://appss.nevadadot.com/EBiddingPortalClient/,Bid tabs per contract,$/unit,statewide,per letting,—,HTML,web,verify,verify,open,partially verified,
S48,2,state,dot_bid_data,HDOT contracts / bid results,Hawaii DOT,https://hidot.hawaii.gov/administration/con/,Bid results by FY,$,statewide/island,per letting,—,PDF,download,totals,verify,open,partially verified,Weakest state
S49,2,state,dot_bid_data,GDOT Item Mean Summary / bid tabs,Georgia DOT,https://www.dot.ga.gov/PartnerSmart/Business/Reports/Item%20Mean%20Summary_SPEC%20YEAR%2002.pdf,"Item Mean Summary (item, qty, UOM, mean, weighted avg) + Pay Item Index; Oracle BI Pay Item Index dashboard (anon=1)",$/unit,statewide,annual period file (CY2012 verified),—,PDF; BI app,verify,awarded,2012 file; newer editions not surfaced,open,verified (2012 edition),Dashboard https://gdotbiext.dot.ga.gov/ext-bi/saw.dll?Dashboard=&PortalPath=%2Fshared%2FExternal%2F_portal%2FPay+Item+Index+&Page=page+1&Action=Navigate&Syndicate=true&anon=1 ; bid tabs via BidX
S50,2,state,dot_bid_data,UDOT / MaineDOT / NDOT (NV) / HDOT / CTDOT — bid tabs only; no average price product,—,https://www.maine.gov/mdot/contractors/archives/,Per-letting bid tabs (Maine weekly PDFs all bidders; UDOT via Utah Public Procurement Place + Contractor Zone unofficial results; NV eBidding portal; HI bid results PDFs; CT bids menu + Bid Item List with costs),—,—,per letting,—,PDF/web,—,all bidders (ME),—,open,verified (URLs),UDOT https://connect.udot.utah.gov/business/construction/ ; NV https://www.dot.nv.gov/doing-business/contractors-construction/contract-services/active-and-awarded-contracts ; HI https://hidot.hawaii.gov/administration/con/ ; CT https://portal.ct.gov/dot/business/contract-development-and-estimating
S51,3,state,dot_bid_aggregator,Bid Express (Infotech) bidx.com,Infotech,https://www.bidx.com/,Per-agency lettings and posted tabs; Bid Tab Analysis paid,$/unit,44 state agencies,per letting,—,web,view; paid analysis,all bidders,1 yr (paid plan),proprietary TOS,verified,No public API
S52,3,state,dot_bid_aggregator,Oman Systems BidTabs.NET,Oman Systems,https://www.omanco.com/,46 states; some back to 1993; feeds FHWA NHCCI,$/unit,state/district,~1 week after letting,—,software,subscription,all bidders,1993+,proprietary,verified,Commercial
S53,3,state,dot_bid_aggregator,bidtabs.us (DOTestimate),DOTestimate,https://bidtabs.us/,22 states full tabs since 2004; free viewer,$/unit,state,per letting,—,web,view (check TOS),all bidders,2004+,proprietary (check),verified,Best free multi-state mirror
S54,2,state,dot_index,State DOT construction cost indexes: CO (quarterly); MN (quarterly; archive to 2009); WI CF-CCI (quarterly); IA (annual; 1987 base); NH (semiannual); MD SHA Price Index (semiannual); MI MHCCI (research),state DOTs,https://www.codot.gov/business/eema/constructioncostindex,Composite bid-price indexes,index,state,quarterly,—,PDF/XLS,download,awarded,varies,open,verified,MN https://www.dot.state.mn.us/bidlet/cost-index.html ; WI https://wisconsindot.gov/Documents/doing-bus/eng-consultants/cnslt-rsrces/tools/estimating/recent-estimating-trends.pdf ; IA https://www.iowadot.gov/contracts/lettings/PriceTrendIndex.pdf ; NH https://mm.nh.gov/files/uploads/dot/media-files/nhdot-cci-report-2025-1.pdf ; MD https://www.roads.maryland.gov/ohd/MDOT_SHA_PriceIndex_January2026.pdf ; MI https://www.michigan.gov/mdot/-/media/Project/Websites/MDOT/Programs/Research-Administration/Final-Reports/SPR-1693b-Report.pdf ; not found: WA TX OH FL NY UT GA MO KS SC AZ NV CA
S55,2,state,material_index,State DOT asphalt binder / fuel / steel / cement price indexes (37 states verified; see per-state rows A01-A38),state DOTs,https://www.fdot.gov/construction/fuel-bit/fuel-bit.shtm,Monthly PG binder $/ton and diesel/gasoline indexes used for price adjustment clauses,$/ton $/gal,state (some regional),monthly,~1 month,HTML/PDF/XLS,download,n/a,years,open,verified,Regional: WSDOT West/East; PennDOT 3 zones; Oregon Boise/Portland; Ohio 3-city avg; Montana East/West. Caltrans uses a statewide Brent crude index (not regional asphalt). Not found: TX MN MI UT NV ND NE NM DE HI DC
S56,2,state,prevailing_wage,California DIR prevailing wage determinations,CA DIR,https://www.dir.ca.gov/oprl/dprewagedetermination.htm,Craft × county/region; journeyman + apprentice; fringe split,$/hr,county/locality,semiannual (Feb 22 & Aug 22),—,HTML→PDF (+XLS),download,n/a,2021+ online,open,verified,
S57,2,state,prevailing_wage,New York DOL Article 8 schedules,NY DOL,https://apps.labor.ny.gov/wpp/viewPrevailingWageSchedule.do?typeid=1&county=NN,Craft × county; supplemental benefits,$/hr,county,annual Jul 1 + monthly corrections,—,HTML/PDF,parameterized URL,n/a,years,open,verified,
S58,1,state,prevailing_wage,Washington L&I prevailing wage lookup + download,WA L&I,https://fortress.wa.gov/lni/wagelookup/prvWagelookup.aspx,Trade × county; journey + apprentice; benefits,$/hr,county,semiannual (Mar & Sep),—,web + spreadsheet download,download,n/a,historical by effective date,open,verified,
S59,2,state,prevailing_wage,Illinois DOL prevailing wage rates,IL DOL,https://labor.illinois.gov/laws-rules/conmed/prevailing-wage-rates.html,Craft × 102 counties; H&W/pension/vacation/training split,$/hr,county,annual + revisions,—,HTML per county,scrape,n/a,archive,open,verified,
S60,2,state,prevailing_wage,Massachusetts DLS project-specific schedules,MA DLS,https://www.mass.gov/info-details/prevailing-wage-for-contractors,Per-project schedules (90-day validity),$/hr,county/project,per project,—,PDF,scrape from bid packages,n/a,—,open,verified,No statewide table
S61,2,state,prevailing_wage,New Jersey DOL prevailing wage,NJ DOL,https://www.nj.gov/labor/,Craft × county,$/hr,county,rolling per CBA,—,PDF,download,n/a,archives,open,verified,
S62,2,state,prevailing_wage,Pennsylvania L&I per-project determinations,PA L&I,https://www.pa.gov/agencies/dli/resources/forms-and-documents/labor-law/prevailing-wage-projects,Per-project by county and type,$/hr,county/project,per project,—,web→PDF,search,n/a,—,open,verified,
S63,2,state,prevailing_wage,Ohio Commerce prevailing wage lookup,OH Commerce,https://com.ohio.gov/,Craft × county/region,$/hr,county,per CBA,—,web,search,n/a,—,open,verified,
S64,1,state,prevailing_wage,Minnesota DLI commercial + highway/heavy rates,MN DLI,https://secure.doli.state.mn.us/prevwage/commercial_data.php?county=NN,County survey-based rates,$/hr,county,annual,—,HTML/CSV-ish per county,parameterized URL,n/a,—,open,verified,
S65,2,state,prevailing_wage,Oregon BOLI PWR rate books,OR BOLI,https://www.oregon.gov/boli/employers/pages/prevailing-wage-rates.aspx,Region × classification; base + fringe,$/hr,14 regions,semiannual (Jan/Jul) + quarterly amendments,—,PDF,download,n/a,—,open,verified,
S66,2,state,prevailing_wage,Nevada Labor Commissioner prevailing wages,NV,https://labor.nv.gov/PrevailingWage/,4 regions × 42 classifications,$/hr,region,annual Oct 1,—,PDF,download,n/a,—,open,verified,
S67,2,state,prevailing_wage,Hawaii DLIR Wage Rate Schedule,HI DLIR,https://labor.hawaii.gov/rs/wage-rate-schedule/,Statewide × occupation; basic + fringe,$/hr,state,semiannual (Feb 15 & Sep 15),—,PDF,download,n/a,—,open,verified,
S68,2,state,prevailing_wage,Connecticut DOL prevailing wage (annual adjusted Jul 1),CT DOL,https://portal.ct.gov/dol/divisions/wage-and-workplace-standards/prevailing-wage,Town/county × type,$/hr,town/county,annual,—,PDF,download,n/a,—,open,verified,
S69,2,state,prevailing_wage,Other state PW schedules — see rows P01-P14 (AK; MD XLSX; DE; RI; MO; NM; MT; ME; VT; MI; CO; VA; WY; TN; Miami-Dade),various,—,See verification round,$/hr,varies,varies,—,PDF,download,n/a,—,open,verified,Best-supported 2026 list: 27 states + DC (AK CA CO CT DE HI IL ME MD MA MI MN MO MT NV NJ NM NY OH OR PA RI TN(highway) TX VT VA WA + DC); DOL page stale on MI
S70,2,state,assessor_cost_manual,Wisconsin Property Assessment Manual Vol 2,WI DOR,https://www.revenue.wi.gov/documents/wpamvol2.pdf,"Residential/apartment/ag cost tables, depreciation, area modifiers",$/SF,state + area modifiers,annual (Dec),—,PDF,download,n/a,2011-2026 editions,open,verified,
S71,2,state,assessor_cost_manual,California BOE Assessors' Handbook AH 531 Residential Building Costs,CA BOE,https://www.boe.ca.gov/proptaxes/ah531.htm,Per-SF residential by class/quality; regional factors,$/SF,state + regions,annual (Jan 1),—,PDF,download,n/a,2018-2026,open,verified,AH 534 commercial not checked
S72,2,state,assessor_cost_manual,Indiana DLGF Real Property Assessment Guidelines (App. C residential; App. G commercial with county Location Cost Multipliers),IN DLGF,https://www.in.gov/dlgf/,Full cost schedules + county multipliers,$/SF,county multipliers,reassessment cycle,—,PDF,download,n/a,2021/2022,open,verified,Very complete
S73,2,state,assessor_cost_manual,North Carolina county Schedules of Values,NC counties (100),https://www.orangecountync.gov/,Per-SF base rates by type/grade + local multipliers + depreciation,$/SF,county,per revaluation (4-8 yr),—,PDF,download,n/a,current cycle,open,verified,100 documents; excellent local granularity
S74,3,state,assessor_cost_manual,Michigan STC Assessor's Manuals,MI Treasury,https://www.michigan.gov/treasury/local/stc/accordion/pubs/michigan-assessor-manuals,Residential/commercial cost tables (Marshall & Swift-derived),$/SF,state,periodic (2025 updates),—,PDF,download,n/a,—,M&S copyright caveat,verified,
S75,2,state,assessor_cost_manual,Iowa Real Property Appraisal Manual (2008),IA DOR,https://publications.iowa.gov/6278/,Cost tables (Vanguard),$/SF,state,static,—,PDF,download,n/a,2008,open,verified,Dated
S76,2,state,assessor_cost_manual,Texas appraisal district residential cost schedules (HCAD; TAD; FBCAD…),TX CADs,https://comptroller.texas.gov/taxes/property-tax/residential-schedules/,Per-SF base rates by class,$/SF,county (CAD),annual,—,PDF,download,n/a,current,open,verified,250+ CADs
S77,2,state,assessor_cost_manual,Other state assessor manuals — see rows M01-M06 (OR DOR cost factors w/ county multipliers; IL Pub 123/126; MT; NJ; vendor-mandated states),various,—,See verification round,$/SF,state/county,varies,—,PDF,download,n/a,—,open (vendor caveats),verified,Vendor-mandated (Marshall & Swift): SD NE OK UT KS ID WA; PA/CT county vendors (Tyler/Vision); MD internal CAMA; GA APM points to M&S
S78,1,state,permit_data,NYC DOB permit issuance / DOB NOW / job filings (estimated_job_costs),NYC,https://data.cityofnewyork.us/,Permit records with estimated job cost,$,address,daily,—,Socrata,API,n/a,1989+,open,verified,
S79,1,state,permit_data,Chicago Building Permits (REPORTED_COST),Chicago,https://data.cityofchicago.org/,Permits with reported cost,$,address,daily,—,Socrata,API,n/a,2006+,open,verified,
S80,1,state,permit_data,Los Angeles building permits (valuation),LA,https://data.lacity.org/,Permits with valuation,$,address,weekly,—,Socrata,API,n/a,2020+ (current set),open,verified,
S81,1,state,permit_data,San Francisco DataSF building permits (estimated_cost + revised_cost),SF,https://data.sfgov.org/,Permits with estimated & revised cost,$,address,weekly,—,Socrata,API,n/a,years,open,verified,Revised cost is a quality signal
S82,1,state,permit_data,Seattle building permits (EstProjectCost),Seattle,https://data.seattle.gov/,Permits with estimated cost,$,address,weekly,—,Socrata/ArcGIS,API,n/a,years,open,verified,
S83,1,state,permit_data,Austin Issued Construction Permits (BLDS; total_job_valuation; sq ft),Austin,https://data.austintexas.gov/,Permits with valuation and sq ft,$,address,daily,—,Socrata,API,n/a,years,open,verified,BLDS standard
S84,1,state,permit_data,Dallas / Philadelphia / other city open-data permits,various,https://www.dallasopendata.com/,Permits with valuation,$,address,daily,—,Socrata/ArcGIS,API,n/a,years,open,partially verified,Houston weak
S85,3,state,permit_aggregator,Shovels.ai permit API,Shovels,https://api.shovels.ai/v2,"178M permits, 2,750+ jurisdictions (~85% pop.), job_value, contractor",$,ZIP/city/county/jurisdiction,semi-monthly,—,JSON,paid credit-metered API,n/a,years,proprietary,verified,Pragmatic national permit source
S86,2,state,facility_cost,MSBA cost data (Massachusetts school construction),MSBA,https://www.massschoolbuildings.org/building/CP_Information_Cost_Data,Project-level $/SF (avg $698/SF end-2023),$/SF,project,annual,—,web/PDF,download,n/a,2019+,open,verified,
S87,2,state,facility_cost,Ohio OFCC School Design Manual cost information,OFCC,https://osdm.ofcc.ohio.gov/current-osdm/chapter-1-introduction/04-cost-information,Cost/SF by grade level + regional factors,$/SF,state + regions,annual,—,web,download,n/a,—,open,verified,
S88,2,state,facility_cost,Florida DOE cost per student station,FL DOE,https://www.fldoe.org/finance/fco/cost-of-construction/public-schools.stml,$/student station caps and reports,$/station,state,annual,—,PDF,download,n/a,years,open,verified,
S89,2,state,facility_cost,Washington OSPI school construction cost allocation,WA OSPI,https://www.k12.wa.us/,Statewide $/SF allocation vs actual,$/SF,state,biennial,—,PDF,download,n/a,—,open,verified,
S90,2,state,facility_cost,Texas THECB average construction costs (universities),THECB,https://reportcenter.highered.texas.gov/reports/data/average-construction-costs-fy-2017-2023/,$/SF by facility type,$/SF,state,periodic,—,web/PDF,download,n/a,FY2017-2023,open,verified,
S91,2,state,facility_cost,California DGS California Construction Cost Index (CCCI),CA DGS,https://www.dgs.ca.gov/RESD/Resources/,Statewide building CCI,index,state,monthly/annual,—,HTML,download,n/a,years,open,verified,
S92,2,state,municipal_unit_price,City of Austin Average Unit Bid Prices (48-month),Austin,https://www.austintexas.gov/averageunitbidprices,Average unit bid prices by item; LS excluded,$/unit,city,quarterly,—,web,query,awarded,48 months,open,verified,Best municipal example
S93,2,state,municipal_unit_price,County of San Diego DPW Unit Price List (bonding),San Diego County,https://www.sandiegocounty.gov/content/dam/sdc/dpw/LAND_DEVELOPMENT_DIVISION/landpdf/unit_price_list/,Unit prices for improvement bonds,$/unit,county,~annual,—,PDF,download,n/a,2023,open,verified,
S94,2,state,municipal_unit_price,Riverside County engineer's estimate guidelines; Maricopa MCDOT cost estimation app; Clark County NV bond estimate form; Chicago DPS bid tabs,various,https://trans.rctlma.org/engineers-estimate-guidelines,Unit price templates / apps / bid tabs,$/unit,county/city,periodic,—,PDF/web,download,varies,—,open,partially verified,
S95,1,state,sales_tax,Avalara free sales tax rate tables by ZIP,Avalara,https://www.avalara.com/taxrates/en/download-tax-tables.html,State/county/city/special combined rate by ZIP,%,ZIP,monthly,—,CSV,download (registration),n/a,current,Avalara terms,verified,ZIP≠jurisdiction caveat
S96,1,state,sales_tax,CA CDTFA sales & use tax rates (GIS),CDTFA,https://data.ca.gov/dataset/cdtfa-salesandusetaxrates-public,Jurisdiction polygons + rates,%,jurisdiction,quarterly,—,CSV/GeoJSON/API,download,n/a,current,open,verified,
S97,1,state,sales_tax,Texas Comptroller local sales tax rate files,TX Comptroller,https://comptroller.texas.gov/taxes/file-pay/edi/sales-tax-rates.php,Local jurisdiction rates,%,jurisdiction,quarterly,—,flat file,download,n/a,current,open,verified,
S98,1,state,sales_tax,Tax Foundation state & local sales tax rates,Tax Foundation,https://taxfoundation.org/data/all/state/2026-sales-tax-rates-midyear/,State + population-weighted avg local,%,state,semiannual,—,HTML/XLS,download,n/a,years,CC-BY-style,verified,
S99,1,state,labor_burden,Oregon DCBS Workers' Compensation Premium Rate Ranking (50 states),OR DCBS,https://www.oregon.gov/DCBS/DCBSPubs/reports/general/prem-rpt/24-2083.pdf,Index rate per $100 payroll by state; per-class tables incl. construction classes,$/100 payroll,state,biennial,—,PDF + XLS,download,n/a,CY2024 study (published June 2025); biennial,open,verified,Per-state index rates: https://www.oregon.gov/dcbs/reports/cost/pages/premium-index-rates.aspx ; Oregon $0.89/$100; 50 classes incl. construction
S100,3,state,labor_burden,"NCCI loss costs by class code; independent bureaus (WCIRB CA, NYCIRB, PCRB, NJCRIB, WCRIBMA, MWCIA, CAOM, NCRB, WCRB, ICRB); monopolistic states (OH BWC, WA L&I per-hour, WY by NAICS, ND WSI)",NCCI / bureaus / states,https://www.ncci.com/,"Advisory loss costs / rates by class (5645, 5403, 5190, 5183, 5551, 5221, 5213, 5474, 5538)",$/100 payroll,state × class,annual,—,PDF (state filings public); NCCI paid,download,n/a,years,NCCI restrictive; state PDFs public record,knowledge,Class-system crosswalk needed
S101,1,state,labor_burden,State UI (SUTA) new-employer rates and wage bases,DOL ETA / states,https://oui.doleta.gov/unemploy/statelaws.asp,New-employer rate (often higher for construction); taxable wage base,%,state,annual,—,PDF,download,n/a,years,open,knowledge,
C01,4,commercial,unit_price_db,RSMeans Data Online (Gordian),Gordian/Fortive,https://www.rsmeans.com/products/online/tiers,85k-97k unit lines (vendor figures inconsistent); assemblies; SF models; all CSI divisions; M/L/E split,$/unit,970 locations; 900+ US ZIP3 location factors + 70+ Canadian,quarterly online; annual books,—,web/API,subscription (~$2.3k-$5.8k/user/yr; conflicting sources); API add-on for licensees,n/a,history in Complete Plus,proprietary — terms bar redistribution/database use/pricing products,verified,API page exists (rsmeans.com/products/services/api.aspx); price unpublished; product sheet https://www.rsmeansonline.com/content/rsmonline_product_sheet.pdf ; terms https://www.rsmeansonline.com/Content/RSMeansOnlineUserAgreement.pdf
C02,4,commercial,unit_price_db,"Craftsman National Construction Estimator + family (Electrical, Plumbing & HVAC, Renovation, Painting, Earthwork…)",Craftsman Book Co,https://craftsman-book.com/data-licensing,"~10k+ items with manhours, crews; Area Modification Factors by state/ZIP3 (material/labor split)",$/unit,ZIP3 factors,annual books; licensed data quarterly,—,book/PDF; licensed Excel/Bacpac/Access/API,book ~$100-130; data licensing negotiated,n/a,annual,proprietary — formal data licensing program exists,verified,Most accessible commercial bulk-license path; ZIP3 factors = one representative city per 3-digit ZIP (avg of 5-digit ZIPs); quarterly data updates; NCE 2026 = 74th ed.
C03,4,commercial,unit_price_db,BNi General Construction Costbook + Public Works / Electrical / Mechanical / Home Builder / Facilities costbooks; BNi ACCESS,BNi Building News,https://www.bnibooks.com/,">15,000 cost units with man-hours; >600 metro multipliers",$/unit,>600 metros,annual,—,book + BNi ACCESS online,BNi ACCESS bundled 1-yr with books in 3 tiers (Costbook Only / Reference w/ Excel unit-cost DB / Premium w/ metro multipliers); bnidata.com,n/a,annual,proprietary,verified,600+ metro multipliers (General/Electrical/SF/Guide); 300+ in Home Builder
C04,4,commercial,replacement_cost,Marshall & Swift Valuation Service / Residential Cost Handbook / SwiftEstimator,Cotality (ex-CoreLogic),https://www.cotality.com/products/marshall-swift,Segregated-cost & SF methods; local multipliers >825 locations; climatic/seismic adjustments,$/SF,ZIP/city multipliers,monthly (online) / quarterly (books),—,paid,subscription; enterprise feeds for assessors/insurers,n/a,multipliers to 2004,proprietary (embedded in many state assessor manuals),verified,Rebrand announced 2025-03-24; products: Marshall & Swift; SwiftEstimator; Valuation Platform Online; Residential Cost Handbook (quarterly; 824+ cost-index areas); license requires written consent + fees for third-party integration
C05,4,commercial,replacement_cost,Xactimate / XactAnalysis / 360Value,Verisk,https://www.verisk.com/products/xactimate,Restoration unit costs; ~430-470 metro price lists; 360Value 431 regions + ZIP components,$/unit,>460 geographic price-list regions (467 not confirmed); 360Value 431 regions + ZIP,monthly (vendor-specific nightly),—,paid,"per-user subscription (~$2,690/yr reported); in-product price-list download; no external licensing found",n/a,history,proprietary — no export,verified,Public Pricing Research Methodology PDF; feeds Zonda Cost vs Value
C06,4,commercial,replacement_cost,e2Value; Cotality RCT,e2Value / Cotality,https://www.e2value.com/,ZIP-level replacement cost estimators,$/SF,ZIP,continuous,—,paid API,enterprise,n/a,—,proprietary,knowledge,
C07,4,commercial,unit_price_api,1build Cost Data API (now Handoff),1build/Handoff,https://handoff.ai/,"Claimed 68M live M/L/E costs, every US county, daily; powered Buildxact & Bolster AutoCost",$/unit,county,continuous,—,REST API (api.1build.com/v1/costs),usage-based (tiers ~$50-500/mo reported); status post-rebrand unclear,n/a,—,proprietary,partially verified,Do not build on without confirming 2026 availability
C08,4,commercial,unit_price_db,Clear Estimates / RemodelMAX,Clear Estimates,https://www.clearestimates.com/,"13,000+ remodeling items; 400+ market areas",$/unit,400+ markets,quarterly,—,SaaS,~$59-129/mo,n/a,—,proprietary,verified,
C09,3,commercial,index,ENR Construction Cost Index / Building Cost Index + 20-city union wage tables,ENR,https://www.enr.com/economics,"CCI = 200 hr common labor + 25 cwt steel + 1.128 t cement + 1,088 bf lumber; BCI skilled labor",index,20 cities + national,monthly (quarterly cost report),—,web/PDF,subscription for history; headlines free,n/a,1908+,proprietary,verified,Poor location index (4 inputs)
C10,1,commercial,index,Turner Building Cost Index,Turner,https://www.turnerconstruction.com/cost-index,National nonres index (Q2 2026 = 1552),index,national,quarterly,—,web,free,n/a,1967+,free to cite,verified,
C11,1,commercial,index,Mortenson Construction Cost Index,Mortenson,https://www.mortenson.com/cost-index,National + ~7 metros,index,metro,quarterly,—,web/PDF,free,n/a,years,free to cite,verified,
C12,1,commercial,index,RLB North America Quarterly Construction Cost Report,Rider Levett Bucknall,https://www.rlb.com/americas/insight/,~12-14 cities; $/SF ranges by type; city indexes,index + $/SF,city,quarterly,—,PDF,free,n/a,years,free to cite,verified,
C13,1,commercial,index,Cumming Group Market Analysis,Cumming,https://www.cumming-group.com/,~10+ metros $/SF by type,$/SF,metro,quarterly,—,PDF,free,n/a,years,free to cite,verified,
C14,1,commercial,index,Gordian Construction Cost Insights (quarterly),Gordian,https://www.gordian.com/resources/,RSMeans-derived national/regional trends,index,national/regional,quarterly,—,PDF,free,n/a,—,free to cite,verified,
C15,1,commercial,index,Dodge Momentum Index,Dodge Construction Network,https://www.construction.com/,Leading indicator of nonres planning,index,national,monthly,—,web,free headline,n/a,years,proprietary,verified,Project data licensable (paid)
C16,1,commercial,index,ABC Construction Backlog Indicator & Confidence Index,ABC,https://www.abc.org/,Backlog months by region/size,months,national/region,monthly,—,web,free,n/a,years,free to cite,verified,
C17,1,commercial,benchmark,NAHB Cost of Constructing a Home,NAHB,https://www.nahb.org/news-and-economics/housing-economics-plus/special-studies/special-studies-pages/cost-of-constructing-a-home-in-2024,"2024: construction $428,215 avg, ~$162/SF; stage shares",$/SF,national,biennial,—,web,free summary,n/a,1998+,free to cite,verified,Small sample (41)
C18,1,commercial,benchmark,Zonda Cost vs Value Report,Zonda,https://zondahome.com/2025-cost-vs-value-report/,28 remodeling projects × 150 metros (Xactimate-sourced),$/project,150 metros,annual,—,web,free,n/a,2002+,proprietary (free web),verified,
C19,3,commercial,benchmark,Angi/HomeAdvisor True Cost Guide; Fixr; HomeGuide; Thumbtack; Yelp cost guides; Houzz; Sweeten,various,https://www.angi.com/,Consumer-reported / quote-based project cost ranges by ZIP/city,$/project,ZIP/city,rolling,—,HTML (JS),TOS prohibit scraping,n/a,—,proprietary,knowledge,Labor+material blended; low rigor
C20,4,commercial,benchmark,Compass International Global Construction Costs Yearbook,Compass International,https://compassinternational.net/,City location factors (~100 US cities) + unit costs,factor + $/unit,city,annual,—,book/PDF,paid,n/a,—,proprietary,verified,
C21,4,commercial,project_data,Dodge Construction Network project data; ConstructConnect (iSqFt/BidClerk); Zonda/Metrostudy; John Burns,various,https://www.construction.com/,Project leads with values and locations,$,address,continuous,—,paid,subscription,n/a,—,proprietary,knowledge,Calibration if licensed
C22,4,commercial,equipment,EquipmentWatch Rental Rate Blue Book (Fusable),EquipmentWatch,https://equipmentwatch.com/,Rental + O&O rates by make/model; FHWA rate = monthly/176 + operating; regional factors,$/hr,state/region,continuous,—,web,subscription (~$1-3k+/yr); enterprise licensing,n/a,—,proprietary,verified,Specified by 47-48 state DOTs
C23,1,commercial,equipment,Caltrans Labor Surcharge & Equipment Rental Rate Book,Caltrans,https://dot.ca.gov/-/media/dot-media/programs/construction/documents/equipment-rental-rates-and-labor-surcharge/book_26_27.pdf,"~2,176 standard models $/hr + ~7,300 misc rates; delay/overtime factors",$/hr,California,annual (Apr 1) + daily misc list,—,PDF + TXT; JSON mirror github.com/bulklc/cm_tools,download,n/a,2020-2027 editions,public record,verified,Best free authoritative equipment book
C24,4,commercial,equipment,Rouse Services rental benchmarks; Ritchie Bros/IronPlanet auction results; MachineryTrader listings; United/Sunbelt/Herc/BigRentz quotes,various,https://rbglobal.com/insights/rouse-rental-insights/,Rental rate benchmarks; auction prices; rental quotes by ZIP,$/day $,metro,continuous,—,paid / login / HTML,restricted,n/a,—,proprietary,knowledge,Scraping legal risk
C25,4,commercial,labor_units,NECA Manual of Labor Units; MCAA Labor Estimating Manual/WebLEM; PHCC; SMACNA; PCA/PDCA; Walker's; Richardson's; Page's,trade associations / publishers,https://www.necanet.org/,Labor hours per installed unit by trade,hrs/unit,national,3-yr/annual,—,book/digital,paid (~$600 NECA),n/a,—,proprietary,knowledge,Pre-1929 Walker's editions are public domain
C26,4,commercial,labor_rates,CLRC union wage & fringe database; PAS Construction Craft Compensation Survey; ABC chapter wage surveys,CLRC / PAS / ABC,https://www.clrcconsulting.org/products,Union scale by craft × city; merit-shop craft hourly by region,$/hr,city/region,annual/quarterly,—,paid reports,subscription,n/a,—,proprietary,partially verified,
C27,1,commercial,labor_signal,Indeed Hiring Lab open data (postings tracker; wage tracker),Indeed,https://github.com/hiring-lab/indeed-wage-tracker,Posted-wage growth YoY by sector; postings index by metro/state,index,metro/state (postings); national (wages),weekly/monthly,—,CSV,download,n/a,2020+,CC BY 4.0,verified,Signal not levels
C28,4,commercial,labor_signal,Lightcast job posting wages by occupation × county,Lightcast,https://lightcast.io/,Advertised wages; modeled earnings,$/hr,county/MSA,monthly,—,paid API,subscription,n/a,—,proprietary,knowledge,
C29,4,commercial,material_price,Trade Service (TRA-SER) electrical/mechanical pricing (Trimble),Trade Service/Trimble,https://www.tradeservice.com/,Manufacturer list prices millions of SKUs,$/unit,national (distributor feeds),weekly/daily,—,paid feed,subscription,n/a,—,proprietary,knowledge,
C30,4,commercial,material_price,Random Lengths framing lumber & panel composites (Fastmarkets); Forest Economic Advisors,Fastmarkets,https://www.fastmarkets.com/,Lumber/panel composite prices by region,$/MBF,regional,weekly,—,paid,subscription (NAHB republishes FLC chart free),n/a,decades,proprietary,knowledge,
C31,1,commercial,material_price,SteelBenchmarker,World Steel Dynamics,http://steelbenchmarker.com/history.pdf,"USA HRC, CRC, plate, rebar",$/ton,national,twice monthly,—,PDF,download,n/a,2006+,free,verified (referenced),
C32,4,commercial,material_price,Fastmarkets AMM / CRU / Platts / Steel Market Update; LME; CME (LBR lumber; HG copper; HRC),various,https://www.cmegroup.com/,Steel/copper/aluminum/lumber prices & futures,$/ton $/lb $/MBF,national/global,daily,—,paid (delayed free),subscription,n/a,—,proprietary,knowledge,
C33,4,commercial,material_price,PCA cement prices; NRMCA ready-mix survey; Gypsum Association; ICIS PVC resin; DAT trucking spot rates,associations/vendors,https://www.cement.org/,Industry price surveys,$/ton $/CY,national/regional,monthly-annual,—,member/paid,subscription,n/a,—,proprietary,knowledge,
R01,3,retail,store_price,Home Depot federation GraphQL (store-level price + inventory),Home Depot,https://apionline.homedepot.com/federation-gateway/graphql,"All categories; pricing(storeId), fulfillment(storeId, zipCode), mediaPriceInventory batch 25-50 items",$/unit,"store (~2,000 stores; 4-digit storeId)",real-time,—,JSON,unofficial GraphQL (Akamai; TLS/UA coherence; ~1 rps),n/a,—,TOS prohibits scraping; facts not copyrightable,verified (OSS clients),"Default store 2414 when omitted; IDs: Internet#, Store SKU, Model#, UPC/GTIN"
R02,3,retail,store_price,Lowe's product detail endpoint (store-level),Lowe's,https://www.lowes.com/wpd/{productId}/productdetail/{storeNumber}/Guest/{zip},"finalPrice, on-hand qty, MAP flag per store",$/unit,store (4-digit),real-time,—,JSON,unofficial (Akamai; cookies sn/sd/zipcode/dbidv2; proxy geo can override store),n/a,—,TOS prohibits scraping,verified (OSS clients),Official partner APIs at apis.lowes.com (Products/Inventory/Stores; B2B)
R03,3,retail,store_price,Menards product pages,Menards,https://www.menards.com/,Midwest ~330 stores; store-specific prices + 11% rebate,$/unit,store,real-time,—,HTML,scrape (store cookie unverified),n/a,—,TOS prohibits scraping,partially verified,
R04,2,retail,store_price,Ace Hardware Kibo storefront API,Ace,https://www.acehardware.com/api/commerce/catalog/storefront/products/,Product price + per-location inventory,$/unit,location inventory; national online price,real-time,—,JSON,public JSON (no key),n/a,—,TOS,verified (OSS),Co-op stores may differ in-store
R05,3,retail,store_price,Tractor Supply store price endpoints,Tractor Supply,https://www.tractorsupply.com/,Per-store offer price via getItemPrice?productId&stlocId,$/unit,store,real-time,—,JSON/NDJSON,unofficial (Akamai),n/a,—,TOS,verified (OSS),Fencing/rural building
R06,3,retail,store_price,Walmart (store pricing via assortmentStoreId cookies; Affiliate API),Walmart,https://www.walmart.com/,Limited building materials/tools,$/unit,store (cookies) / national (API),real-time,—,JSON,Affiliate API (no store-level); PerimeterX,n/a,—,TOS,partially verified,
R07,3,retail,scraper_api,SerpApi Home Depot engine; BigBox API (Traject Data); Unwrangle; Apify actors; Oxylabs; Bright Data; Nimble; Scrapfly,third parties,https://serpapi.com/home-depot-search-api,HD (and Lowe's/Menards for some) product/search with store_id / delivery_zip,$/unit,store/ZIP,real-time,—,JSON,paid (~$10-15/1k; BigBox from $15/mo),n/a,—,vendor terms,verified (listings),Shift anti-bot risk; SerpApi has no Lowe's engine
R08,2,retail,distributor_price,McMaster-Carr Product Information API,McMaster-Carr,https://www.mcmaster.com/,Price/product/CAD for subscribed parts,$/unit,national,daily caps,—,JSON,official API (approved customers; client cert; per-part subscription),n/a,—,customer agreement,verified,Web scraping blocked aggressively
R09,2,retail,distributor_price,Grainger (list prices) / Zoro (JSON-LD; DataDome) / MSC / Global Industrial / Uline,Grainger et al,https://www.grainger.com/,MRO list prices; account pricing login,$/unit,national,real-time,—,HTML/JSON-LD,scrape (CAPTCHA after volume),n/a,—,TOS,verified (OSS),
R10,2,retail,distributor_price,Fastenal (branch stock; web price),Fastenal,https://www.fastenal.com/products/details/{sku},Fastener/MRO prices; branch availability,$/unit,branch,real-time,—,HTML,scrape (TLS impersonation used),n/a,—,TOS,verified (OSS),
R11,2,retail,distributor_price,Platt (Rexel) / City Electric Supply / Elliott Electric (branch-localized public prices); Graybar list,electrical distributors,https://www.platt.com/,Electrical materials with branch pricing,$/unit,branch,real-time,—,HTML,scrape,n/a,—,TOS,pending verification,
R12,2,retail,distributor_price,SupplyHouse.com / PlumbingSupply / PexUniverse / HVACDirect / eComfort / AC Wholesalers / Alpine Home Air / 1000bulbs,online distributors,https://www.supplyhouse.com/,Plumbing/HVAC/electrical national prices,$/unit,national,real-time,—,HTML/JSON-LD,scrape,n/a,—,TOS,knowledge,Equipment (Goodman etc.) visible via online dealers
R13,2,retail,distributor_price,Ryerson (online quotes by location) / Metals Depot / OnlineMetals,metals,https://www.ryerson.com/,Steel/aluminum shapes; Ryerson localized quotes,$/lb $/ft,location (Ryerson) / national,real-time,—,HTML,scrape,n/a,—,TOS,pending verification,
R14,4,retail,distributor_price,Ferguson (partial public; Trade Partner API unverified); Winsupply; Hajoca; Core & Main; Johnstone; Watsco; RE Michel,plumbing/HVAC distributors,https://www.ferguson.com/,Login/quote pricing; punchout/EDI,$/unit,branch,—,—,—,account-gated,n/a,—,TOS,partially verified,
R15,4,retail,distributor_price,White Cap; SiteOne; ABC Supply; Beacon PRO+; SRS; GMS; L&W; FBM; Builders FirstSource; 84 Lumber; Carter; US LBM; Boise; Sherwin-Williams (pro),pro distributors,https://www.whitecap.com/,Mostly login-gated branch pricing; some partial public (White Cap; SiteOne; 84 Lumber; Sherwin store-select),$/unit,branch/store,—,—,—,account-gated / partial,n/a,—,TOS,pending verification,
R16,4,retail,manufacturer,"Manufacturers (Quikrete, Oldcastle, GAF, OC, CertainTeed, Andersen, Pella, Jeld-Wen, Masonite, Carrier, Trane, Lennox, Goodman, Nucor, CMC, Gerdau, Vulcan, Martin Marietta, Cemex, Holcim)",manufacturers,—,No public price lists (price via retailers/distributors); occasional quarry PDF price sheets,—,—,—,—,—,none,n/a,—,—,knowledge,Use stocked retailer SKUs
O01,2,open,unit_price_db,OpenConstructionEstimate DDC-CWICR,DataDrivenConstruction,https://github.com/datadrivenconstruction/OpenConstructionEstimate-DDC-CWICR,"55,719 work items, 27,672 resources, labor/machine hours; USA track repriced via PPP",$/unit + hrs,national (synthetic),ongoing,—,XLSX/Parquet/CSV,download,n/a,—,CC BY-NC 4.0 (data) + commercial licence; Apache-2.0 code,verified,Structure seed only; not US-observed prices
O02,2,open,unit_price_db,OpenConstructionERP,DataDrivenConstruction,https://github.com/datadrivenconstruction/OpenConstructionERP,120k+ items across 9 national bases; CSI MasterFormat mapping,$/unit,global,active,—,app + Excel/CSV,pip install openconstructionerp,n/a,—,AGPL-3.0 (data inherits CWICR),verified,No US-surveyed base
O03,2,open,taxonomy,CSI MasterFormat 2016 JSON (community) / OmniClass / UniFormat viewers,outer-labs / csi-net,https://github.com/outer-labs/masterformat-json,Codes and titles,—,—,static,—,JSON,download,n/a,—,CSI copyright on titles (licensing risk),verified,2020 changes absent
O04,1,open,taxonomy,Uniclass 2015 (NBS) CSV + public API,NBS,https://github.com/buildig/uniclass-2015,Full classification tables,—,—,periodic,—,CSV/API,download / API client ID,n/a,—,CC BY-SA 3.0,verified,Only fully open taxonomy; UK-centric
O05,1,open,taxonomy,ICMS 3rd ed.; NRM (RICS); UNSPSC; NAHB cost codes; bSDD,various,https://icms-coalition.org/,Reporting structures / product taxonomies,—,—,—,—,PDF,download,n/a,—,free (various),knowledge,
O06,1,open,equipment,Caltrans equipment book JSON mirror (8 editions),bulklc/cm_tools,https://github.com/bulklc/cm_tools,all_standard.json + all_misc.json,$/hr,California,per Caltrans edition,—,JSON,download,n/a,2020-2027,none stated,verified,
O07,1,open,labor_tools,Davis-Bacon scrapers/parsers (grey-flannel/usdol-wage-determination-data; cliwant/mcp-sam-gov; NuAxis parser),OSS,https://github.com/grey-flannel/usdol-wage-determination-data,SAM.gov WD index/detail scraping + text parsing to JSON,—,county,—,—,Python/TS,clone,n/a,—,MIT,verified,
O08,1,open,labor_tools,BLS/QCEW/OEWS clients (mikeasilva/blsAPI; armollica/qcew-data; lowmason bls-data-context notes),OSS,https://github.com/mikeasilva/blsAPI,API clients and program notes,—,—,—,—,R/Python/MD,clone,n/a,—,OSS,verified,
O09,1,open,productivity,NAVFAC P-405 Seabee Planner's & Estimator's Handbook (public domain man-hour tables),US Navy,https://www.globalsecurity.org/,Man-hour tables by CSI division; crew sizes; efficiency factors,hrs/unit,national,static (1990s),—,PDF,download (mirrors),n/a,—,public domain,knowledge,Largest PD productivity table set
O10,1,open,productivity,Army FM 5-412 / FM 5-426 / TM 5-800-4; Caterpillar Performance Handbook (free PDF),US Army / Caterpillar,https://armypubs.army.mil/,Estimating chapters; earthwork productivity,hrs/unit,national,static,—,PDF,download,n/a,—,PD / free proprietary,knowledge,
O11,1,open,location_factor,unionstats.com union density (Hirsch/Macpherson/Even),unionstats,https://www.unionstats.com/,Union membership/coverage construction by state/MSA,%,state/MSA,annual,—,Excel,download,n/a,1973+,free w/ citation,verified,Blending weights
O12,1,open,scope_driver,Duncan Associates National Impact Fee Survey (2019),Duncan Associates,https://www.impactfees.com/,Impact fees ~270 jurisdictions,$/unit,city/county,irregular (2019 latest),—,PDF (JSON mirror tracykm/impact-fees),download,n/a,2008-2019,free to cite,verified,
O13,1,open,literature,Gyourko & Saiz 2006; Albouy & Ehrlich 2018; D'Amico et al. (SSRN 4679195); Garcia & Molloy 2025 (Fed); Terner Center hard-cost reports; GAO-18-637 LIHTC,academic,https://papers.ssrn.com/sol3/papers.cfm?abstract_id=4679195,Spatial/temporal construction cost analyses using RSMeans,—,metro,—,—,PDF,download,n/a,—,varies,partially verified,No study validating RSMeans CCI against bids found yet
A01,2,state,material_index_asphalt_fuel,FL: FDOT Fuel & Bituminous Price Index,FL DOT,https://www.fdot.gov/construction/fuel-bit/fuel-bit.shtm,fuel + bituminous; polymer PG76-22,$/ton $/gal index,statewide (terminal avg),monthly,~1 month,HTML,download/scrape,n/a,varies,public record,verified,archive https://www.fdot.gov/construction/fuel-bit/fuel-bit1.shtm
A02,2,state,material_index_asphalt_fuel,CA: Caltrans statewide crude oil (Brent) price index for asphalt adjustment,CA DOT,https://dot.ca.gov/programs/construction/construction-manual/section-3-9-payment,crude index applied to paving asphalt,$/ton $/gal index,statewide (not regional),monthly,~1 month,HTML/PDF,download/scrape,n/a,varies,public record,verified,corrects assumption of regional Caltrans asphalt indexes
A03,2,state,material_index_asphalt_fuel,NC: NCDOT Monthly Terminal Asphalt Binder & Fuel FOB Prices (+ steel; CPI),NC DOT,https://connect.ncdot.gov/projects/construction/Pages/Pavement-Construction-Prices.aspx,binder PG64-22; fuel; steel price adjustment,$/ton $/gal index,statewide,monthly,~1 month,SharePoint list,download/scrape,n/a,varies,public record,verified,
A04,2,state,material_index_asphalt_fuel,"GA: GDOT Asphalt, Cement and Fuel Price Index",GA DOT,https://www.dot.ga.gov/GDOT/pages/AsphaltCementFuelPriceIndex.aspx,asphalt; cement; fuel,$/ton $/gal index,statewide,monthly,~1 month,HTML,download/scrape,n/a,varies,public record,verified (URL),
A05,2,state,material_index_asphalt_fuel,PA: PennDOT Asphalt Cement and Diesel Fuel Price Indexes (ECMS),PA DOT,https://www.dotdom1.state.pa.us/ECMS/ECMSHelp.nsf/bb950e9029a50754852563c000631dca/7c91ffa5c946067585256fc60056d12e,asphalt cement + diesel multipliers,$/ton $/gal index,3 zones,monthly,~1 month,ECMS web,download/scrape,n/a,varies,public record,verified,industry mirror https://www.pa-asphalt.org/images/2026/Yearly%20Price%20Index.pdf
A06,2,state,material_index_asphalt_fuel,"NY: NYSDOT Fuel, Asphalt & Steel Price Adjustments",NY DOT,https://www.dot.ny.gov/main/business-center/contractors/construction-division/fuel-asphalt-steel-price-adjustments,fuel; asphalt; steel (BLS PPI),$/ton $/gal index,statewide,monthly,~1 month,HTML,download/scrape,n/a,varies,public record,verified,
A07,2,state,material_index_asphalt_fuel,VA: VDOT Adjustment Indices (asphalt cement + fuel),VA DOT,https://www.vdot.virginia.gov/doing-business/technical-guidance-and-support/construction/adjustment-indices/,asphalt cement; fuel,$/ton $/gal index,statewide,monthly,~1 month,HTML+PDF,download/scrape,n/a,varies,public record,verified,history 1997-2023
A08,2,state,material_index_asphalt_fuel,SC: SCDOT Monthly Indexes (binder + fuel),SC DOT,https://www.scdot.org/business/constructionletting-monthlyindex.html,binder; fuel,$/ton $/gal index,statewide,monthly,~1 month,HTML+PDF,download/scrape,n/a,varies,public record,verified,
A09,2,state,material_index_asphalt_fuel,OH: ODOT asphalt binder index (PN 530/535),OH DOT,https://www.transportation.ohio.gov/wps/portal/gov/odot/programs/local-programs/local-let-manual-of-procedures/forms/pn-530,binder PG64-22,$/ton $/gal index,avg Cleveland/Toledo/Cincinnati,monthly,~1 month,spec/HTML,download/scrape,n/a,varies,public record,verified (spec; live page not found),
A10,2,state,material_index_asphalt_fuel,IN: INDOT PG Asphalt Binder Index,IN DOT,https://www.in.gov/indot/doing-business-with-indot/files/PGAsphaltBinderIndex.pdf,PG binder $/ton (Jan 2026 $467),$/ton $/gal index,statewide,monthly,~1 month,PDF multi-year,download/scrape,n/a,varies,public record,verified,
A11,2,state,material_index_asphalt_fuel,WA: WSDOT Asphalt Binder Reference Cost + fuel escalation,WA DOT,https://wsdot.wa.gov/business-wsdot/contracts/about-public-works-contracts/payments-reporting/asphalt-binder-reference-cost,binder; fuel,$/ton $/gal index,West/East,monthly,~1 month,HTML/PDF/XLSX,download/scrape,n/a,varies,public record,verified,XLSX https://wsdot.wa.gov/sites/default/files/2021-10/EscalationClauses-CostAdjustmentSpreadsheets.xlsx
A12,2,state,material_index_asphalt_fuel,IL: IDOT Price Indices (bituminous; steel; fuel),IL DOT,https://idot.illinois.gov/doing-business/procurements/construction-services/transportation-bulletin/price-indices.html,bituminous; steel; fuel,$/ton $/gal index,statewide,monthly,~1 month,HTML + CSV export,download/scrape,n/a,varies,public record,verified,
A13,2,state,material_index_asphalt_fuel,MO: MoDOT Asphalt Price Index + fuel,MO DOT,https://www.modot.org/asphalt-price-index,AC index; fuel,$/ton $/gal index,statewide,monthly,~1 month,HTML,download/scrape,n/a,varies,public record,verified,fuel https://epg.modot.org/index.php?title=109.14_Price_Adjustment_for_Fuel_(for_Sec_109.14)
A14,2,state,material_index_asphalt_fuel,KS: KDOT Asphalt & Fuel Adjustment Price Indexes,KS DOT,https://www.ksdot.gov/doing-business/highway-contractors/contractor-resources/asphalt-adjustment-price-index,asphalt; fuel,$/ton $/gal index,statewide,monthly,~1 month,HTML,download/scrape,n/a,varies,public record,verified (URL),
A15,2,state,material_index_asphalt_fuel,IA: Iowa DOT Fuel Adjustment (diesel only),IA DOT,https://www.iowadot.gov/contracts/lettings/FuelAdjustment.pdf,diesel (OPIS Des Moines),$/ton $/gal index,statewide,monthly,~1 month,PDF,download/scrape,n/a,varies,public record,verified,no asphalt index found
A16,2,state,material_index_asphalt_fuel,AL: ALDOT Asphalt & Construction Fuel Indices,AL DOT,https://www.dot.state.al.us/publications/Construction/Indices.html,asphalt; fuel,$/ton $/gal index,statewide,?,~1 month,HTML,download/scrape,n/a,varies,public record,verified (URL),
A17,2,state,material_index_asphalt_fuel,TN: TDOT Price Information (fuel; bituminous; AC PG grades),TN DOT,https://www.tn.gov/tdot/tdot-construction-division/transportation-construction-division-resources/transportation-construction-price-information.html,fuel; bituminous; AC PG64-22/70-22/76-22/82-22,$/ton $/gal index,statewide,monthly,~1 month,HTML+PDF,download/scrape,n/a,varies,public record,verified,
A18,2,state,material_index_asphalt_fuel,KY: KYTC Fuel and Asphalt Adjustments,KY DOT,https://transportation.ky.gov/Construction/Pages/Fuel-and-Asphalt-Adjustments.aspx,diesel; asphalt index,$/ton $/gal index,statewide,monthly,~1 month,XLS/PDF,download/scrape,n/a,varies,public record,verified,
A19,2,state,material_index_asphalt_fuel,LA: LADOTD Monthly Price Indices for Asphalt Cement and Fuel,LA DOT,https://wwwapps.dotd.la.gov/Engineering/lettings/lac_price_index/priceindices.aspx,asphalt cement; fuel,$/ton $/gal index,statewide,monthly,~1 month,ASPX table,download/scrape,n/a,varies,public record,verified,
A20,2,state,material_index_asphalt_fuel,AR: ARDOT Asphalt Binder Price Index,AR DOT,https://ardot.gov/divisions/construction/construction-information/asphalt-binder-price-index/,binder,$/ton $/gal index,statewide,monthly,~1 month,HTML,download/scrape,n/a,varies,public record,verified (URL),
A21,2,state,material_index_asphalt_fuel,MD: MDOT SHA Material Price Adjustments,MD DOT,https://roads.maryland.gov/mdotsha/pages/Index.aspx?PageId=128,asphalt cement; diesel,$/ton $/gal index,statewide,monthly,~1 month,HTML->PDF,download/scrape,n/a,varies,public record,verified,mirror https://mdasphalt.org/asphalt-index/
A22,2,state,material_index_asphalt_fuel,NJ: NJDOT Asphalt Cement and Fuel Price Index,NJ DOT,https://dot.nj.gov/transportation/business/aashtoware/PriceIndex.shtm,asphalt cement; fuel,$/ton $/gal index,statewide,monthly,~1 month,HTML,download/scrape,n/a,varies,public record,verified,archive 2005-2015 https://www.nj.gov/transportation/business/aashtoware/PriceIndex05to15.shtm
A23,2,state,material_index_asphalt_fuel,CT: CTDOT Material Price Adjustments,CT DOT,https://portal.ct.gov/dot/bureaus/engineering-and-construction/construction/quality-assurance/material-price-adjustments,asphalt/fuel,$/ton $/gal index,statewide,?,~1 month,HTML,download/scrape,n/a,varies,public record,verified (URL),
A24,2,state,material_index_asphalt_fuel,MA: MassDOT Current Contract Price Adjustments,MA DOT,https://www.mass.gov/info-details/massdot-current-contract-price-adjustments,price adjustments,$/ton $/gal index,statewide,?,~1 month,HTML,download/scrape,n/a,varies,public record,verified (URL),
A25,2,state,material_index_asphalt_fuel,NH: NHDOT Monthly Asphalt Cement / Fuel / Steel Adjustment,NH DOT,https://www.dot.nh.gov/sites/g/files/ehbemt811/files/inline-documents/monthlyasphaltcementadjustment_3.pdf,asphalt cement; fuel; steel,$/ton $/gal index,S. ME/NH quote,monthly,~1 month,PDF,download/scrape,n/a,varies,public record,verified,
A26,2,state,material_index_asphalt_fuel,VT: VTrans Asphalt & Fuel Price Adjustment (live reports + historical),VT DOT,https://vtrans.vermont.gov/contract-admin/resources/construction-contracting/asphalt-price-adjustment,asphalt; diesel,$/ton $/gal index,statewide,monthly,~1 month,web report,download/scrape,n/a,varies,public record,verified,live https://apps.vtrans.vermont.gov/reports/report.ashx?rptname=asphalt
A27,2,state,material_index_asphalt_fuel,ME: MaineDOT liquid asphalt selling prices (annual PDFs),ME DOT,https://www.maine.gov/dot/sites/maine.gov.dot/files/inline-files/Asphalt%202023.pdf,liquid asphalt,$/ton $/gal index,Northeast posting,weekly (per-year PDF),~1 month,PDF,download/scrape,n/a,varies,public record,verified,
A28,2,state,material_index_asphalt_fuel,CO: CDOT Asphalt Cement Cost Adjustment + Denver diesel,CO DOT,https://www.codot.gov/business/designsupport/cdot-construction-specifications/2023-construction-specifications/acca/acca,asphalt cement; diesel,$/ton $/gal index,statewide,monthly,~1 month,HTML+XLS,download/scrape,n/a,varies,public record,verified,
A29,2,state,material_index_asphalt_fuel,AZ: ADOT Bituminous and Fuel Price Adjustment,AZ DOT,https://azdot.gov/business/contracts-and-specifications/bituminous-and-fuel-price-adjustment,bituminous $/ton (Jul 2026 $586); diesel,$/ton $/gal index,statewide,monthly,~1 month,HTML+PDF,download/scrape,n/a,varies,public record,verified,historical https://apps.azdot.gov/files/cns/pdf/historical_data.pdf
A30,2,state,material_index_asphalt_fuel,OR: ODOT Monthly Asphalt Cement Material Price + Monthly Fuel Price,OR DOT,https://www.oregon.gov/ODOT/Business/Pages/Asphalt-Fuel-Price.aspx,asphalt cement; fuel,$/ton $/gal index,Boise/Portland,monthly,~1 month,HTML+PDF,download/scrape,n/a,varies,public record,verified,
A31,2,state,material_index_asphalt_fuel,ID: ITD Monthly Asphalt Price Index,ID DOT,https://apps.itd.idaho.gov/apps/contractors/index/asphaltindex.pdf,asphalt,$/ton $/gal index,Boise quote,monthly,~1 month,PDF,download/scrape,n/a,varies,public record,verified,
A32,2,state,material_index_asphalt_fuel,MT: MDT Monthly Average Fuel Prices (asphalt East/West URL not found),MT DOT,https://www.mdt.mt.gov/business/contracting/fuel-prices.aspx,fuel; asphalt by region,$/ton $/gal index,regional,monthly,~1 month,HTML,download/scrape,n/a,varies,public record,partially verified,
A33,2,state,material_index_asphalt_fuel,WY: WYDOT Base Index Prices (fuel; PG asphalt; steel),WY DOT,https://www.dot.state.wy.us/home/business_with_wydot/contractors/base-index-prices.html,fuel; asphalt; steel,$/ton $/gal index,statewide,per letting + monthly,~1 month,HTML,download/scrape,n/a,varies,public record,verified,
A34,2,state,material_index_asphalt_fuel,SD: SDDOT Fuel Price Index (no asphalt adjustment in SD),SD DOT,https://dot.sd.gov/doing-business/contractors/fuel-price-index,diesel; gasoline; propane,$/ton $/gal index,statewide,weekly / 4-wk avg,~1 month,HTML+PDF,download/scrape,n/a,varies,public record,verified,
A35,2,state,material_index_asphalt_fuel,OK: ODOT Asphalt Binder Index Report,OK DOT,https://www.odot.org/contractadmin/pdfs/binder-index.pdf,binder,$/ton $/gal index,statewide,monthly,~1 month,PDF,download/scrape,n/a,varies,public record,verified (URL),
A36,2,state,material_index_asphalt_fuel,WV: WVDOH monthly material indices (fuel; asphalt; cement) — trade-association republication,WV DOT,https://www.asphaltwv.com/2026/06/25/wvdoh-july-2026-material-indices/,fuel $/gal; asphalt $/ton; cement $/ton,$/ton $/gal index,statewide,monthly,~1 month,HTML,download/scrape,n/a,varies,public record,verified (mirror),official page not found
A37,2,state,material_index_asphalt_fuel,RI: RIDOT liquid asphalt + diesel postings,RI DOT,https://www.dot.ri.gov/business/contractorsandconsultants.php,liquid asphalt $/ton; diesel $/gal,$/ton $/gal index,statewide,~monthly,~1 month,HTML,download/scrape,n/a,varies,public record,verified,
A38,2,state,material_index_asphalt_fuel,US: FHWA Federal Lands EFL/CFL price indexes,US DOT,https://highways.dot.gov/federal-lands/business/escalation-factors/efl-price-indexes,escalation factors,$/ton $/gal index,EFL/CFL divisions,?,~1 month,HTML,download/scrape,n/a,varies,public record,verified (URL),
P01,2,state,prevailing_wage,AK: Alaska DOLWD Pamphlet 600,AK,https://labor.alaska.gov/lss/forms/Pamphlet_600_Issue_52.pdf,Prevailing wage by craft,$/hr,2 regions,~2x/yr (Apr & Sep); Issue 52 eff. 2026-04-01,—,PDF,download,n/a,varies,public record,verified,Fringe: fringe separate
P02,2,state,prevailing_wage,MD: Maryland DLLR prevailing wage rates (XLSX + lookup),MD,https://labor.maryland.gov/labor/prev/prevrevisedprevailingrates-20250410.xlsx,Prevailing wage by craft,$/hr,23 counties + Baltimore City; Building vs Highway,annual determinations,—,XLSX + web lookup,download,n/a,varies,public record,verified,Fringe: fringe separate
P03,2,state,prevailing_wage,DE: Delaware DOL prevailing wage determination,DE,https://labor.delaware.gov/divisions/industrial-affairs-old/labor-law/,Prevailing wage by craft,$/hr,3 counties,annual survey; by Mar 15,—,PDF,download,n/a,varies,public record,rate-schedule URL not found,Fringe: fringe separate
P04,2,state,prevailing_wage,RI: Rhode Island DLT (adopts federal Davis-Bacon; adjusts Jul 1),RI,https://dlt.ri.gov/regulation-and-safety/prevailing-wage/prevailing-wage-faq,Prevailing wage by craft,$/hr,county via DB,annual Jul 1,—,SAM.gov,download,n/a,varies,public record,verified,Fringe: —
P05,2,state,prevailing_wage,MO: Missouri Annual Wage Order (county-parameterized app),MO,https://laborwebapps.mo.gov/dls/prevailingwage,Prevailing wage by craft,$/hr,county × occupation,annual; AWO 33 eff. 2026-05-29,—,web -> PDF,download,n/a,varies,public record,verified,Fringe: —
P06,2,state,prevailing_wage,NM: New Mexico DWS prevailing wage schedules (Types A/B/C/H + zone pay),NM,https://www.srca.nm.gov/parts/title11/11.001.0002.html,Prevailing wage by craft,$/hr,4 schedule types,set by Oct 1; eff. Jan 1,—,PDF,download,n/a,varies,public record,schedule PDFs not found,Fringe: fringe separate
P07,2,state,prevailing_wage,MT: Montana DLI prevailing wage rate books (Building/Heavy/Highway/NCS),MT,https://erd.dli.mt.gov/labor-standards/public-contracts-prevailing-wage-law/,Prevailing wage by craft,$/hr,multi-county districts,annual survey; prelim then final,—,PDF,download,n/a,varies,public record,verified,Fringe: itemized incl. zone/per diem
P08,2,state,prevailing_wage,ME: MaineDOL prevailing wage (region-based from 2026),ME,https://www.maine.gov/labor/docs/2026/laborstats/prevailingwage/Statewide/2026%20B2%20Statewide.pdf,Prevailing wage by craft,$/hr,region,annual; eff. Jan 10 2026,—,PDF,download,n/a,varies,public record,verified,Fringe: —
P09,2,state,prevailing_wage,VT: Vermont state construction prevailing wage (OEWS mean + 42.5% fringe),VT,https://vtlmi.labor.vermont.gov/stateconstrprevailwage.pdf,Prevailing wage by craft,$/hr,3 areas,annual Jul 1,—,PDF,download,n/a,varies,public record,verified,Fringe: flat 42.5%
P10,2,state,prevailing_wage,MI: Michigan LEO prevailing wage (reinstated eff. 2024-02-13; per-county PDFs),MI,https://www.michigan.gov/leo/bureaus-agencies/ber/wage-and-hour/prevailing-wage,Prevailing wage by craft,$/hr,county,rolling per CBA,—,PDF per county (predictable path),download,n/a,varies,public record,verified,Fringe: combined wage+fringe
P11,2,state,prevailing_wage,CO: Colorado CDLE prevailing wage (≥$500k; determinations reportedly via Office of State Architect),CO,https://cdle.colorado.gov/dlss-home-page/wage-and-hour-law/prevailing-wages,Prevailing wage by craft,$/hr,county,annual Jul 1,—,PDF,download,n/a,varies,public record,rate tables not found,Fringe: —
P12,2,state,prevailing_wage,VA: Virginia DOLI prevailing wage (statewide determination from federal DB; >$250k; eff. 2021-05-01),VA,https://doli.virginia.gov/programs/labor-law/prevailing-wage-law/,Prevailing wage by craft,$/hr,statewide via DB,follows DB,—,—,download,n/a,varies,public record,verified,Fringe: —
P13,2,state,prevailing_wage,TN: Tennessee Prevailing Wage Commission highway rates,TN,https://www.tn.gov/content/dam/tn/workforce/documents/pwc/2025-Highway-Prevailing-Wage-Rates.pdf,Prevailing wage by craft,$/hr,statewide; highway only,calendar year,—,PDF,download,n/a,varies,public record,verified (2026 URL not found),Fringe: —
P14,2,state,prevailing_wage,FL: Miami-Dade Responsible Wages & Benefits (Building + Heavy schedules),FL,https://www.miamidade.gov/resources/management/documents/2026-rwb-building-schedule.pdf,Prevailing wage by craft,$/hr,county,annual Jan 1; >$100k,—,PDF,download,n/a,varies,public record,verified,Fringe: base + fringe columns
M01,2,state,assessor_cost_manual,OR: Oregon DOR Cost Factors for Residential Buildings (150-303-419) with county Local Cost Multipliers,OR,https://www.oregon.gov/dor/forms/FormsPubs/303-419-05.pdf,Per-SF replacement cost tables / multipliers,$/SF,state base + county LCM,rev. 10-15-24,—,PDF,download,n/a,—,public record (vendor caveats),verified,Best free find; companion manufactured-structure and farm books; commercial book not found
M02,2,state,assessor_cost_manual,IL: Illinois DOR Publication 123 (residential) & 126 (commercial) cost schedules with local cost factor,IL,https://tax.illinois.gov/content/dam/soi/en/web/tax/research/publications/pubs/documents/pub-123.pdf,Per-SF replacement cost tables / multipliers,$/SF,central-IL base × local cost factor,Pub 126 Jan 2020,—,PDF,download,n/a,—,public record (vendor caveats),verified,Pub 126 https://tax.illinois.gov/content/dam/soi/en/web/tax/research/publications/pubs/documents/pub-126.pdf
M03,2,state,assessor_cost_manual,MT: Montana DOR Res/Comm/Ind Property Valuation Manual 2025-2026 (state-published; M&S-derived),MT,https://revenuefiles.mt.gov/files/DOR-Publications/Property-Reappraisal-Plan-and-Manuals/2025-2026-Res-Comm-Indust-Manual.pdf,Per-SF replacement cost tables / multipliers,$/SF,statewide,biennial,—,PDF,download,n/a,—,public record (vendor caveats),verified,M&S copyright caveat
M04,2,state,assessor_cost_manual,NJ: New Jersey Real Property Appraisal Manual (3rd ed.; 2021 update; farm-building supplement confirmed),NJ,https://www.nj.gov/agriculture/divisions/md/pdf/RealPropertyManual.pdf,Per-SF replacement cost tables / multipliers,$/SF,statewide,2021,—,PDF,download,n/a,—,public record (vendor caveats),partially verified,main volume availability unconfirmed
M05,2,state,assessor_cost_manual,multi: Vendor-mandated assessor cost sources: SD (M&S 2013 / Vanguard 2008 by rule); NE (Marshall Valuation Service); OK (OTC contracts M&S); UT (M&S Estimator); KS (M&S via Orion CAMA); ID; WA DOR (M&S trend factors),multi,https://sdlegislature.gov/api/Rules/Archived/653.pdf,Per-SF replacement cost tables / multipliers,$/SF,state,—,—,PDF/rules,download,n/a,—,public record (vendor caveats),verified,Do not republish M&S-derived tables
M06,2,state,assessor_cost_manual,multi: Unresolved assessor manuals: GA APM (points to M&S); AL 2015 Appraisal Manual (URL not found); MS DOR manual (mandated §27-35-50; URL not found); CO ARL Vol 3 (free; cost tables unverified); NY ORPTS (schedules inside RPS); MO STC; MN PTA manual; AR; LA; ND,multi,https://arl.colorado.gov/volume-3-real-property-valuation-manual-all-chapters,Per-SF replacement cost tables / multipliers,$/SF,state,—,—,PDF/HTML,download,n/a,—,public record (vendor caveats),unverified,Follow-up needed
L01,2,state,lihtc_cost_data,WA: WSHFC Affordable Housing Cost Data Report FY2024-25,WA,https://wshfc.org/admin/20251219BlacklineWSHFCCostDataReportFY2024-25.pdf,Affordable housing development cost (TDC; hard cost; per unit),$/unit $/SF,project-level dev costs,annual,—,PDF,download,n/a,varies,public,verified,Calibration for multifamily $/unit
L02,2,state,lihtc_cost_data,TX: TDHCA 9% HTC application logs (XLSX),TX,https://tdhca.texas.gov/competitive-9-housing-tax-credits,Affordable housing development cost (TDC; hard cost; per unit),$/unit $/SF,project,annual,—,XLSX,download,n/a,varies,public,verified,Calibration for multifamily $/unit
L03,2,state,lihtc_cost_data,CA: CTCAC project data (Excel) + cost containment,CA,https://www.treasurer.ca.gov/ctcac/projects,Affordable housing development cost (TDC; hard cost; per unit),$/unit $/SF,project/city/county,ongoing,—,XLSX,download,n/a,varies,public,verified (cost fields unverified),Calibration for multifamily $/unit
L04,2,state,lihtc_cost_data,FL: FHFC credit underwriting reports (dev cost tables),FL,https://www.floridahousing.org/docs/default-source/data-docs-and-reports/boardpackages/2018/june-15/consent-items/SAIL_Ex_F.pdf,Affordable housing development cost (TDC; hard cost; per unit),$/unit $/SF,project,per board mtg,—,PDF,download,n/a,varies,public,verified (URL),Calibration for multifamily $/unit
L05,2,state,lihtc_cost_data,MN: MN Housing Cost Containment Report 2024,MN,https://mnhousing.gov/documents/52434/2024-cost-containment-report-final-11132024/view,Affordable housing development cost (TDC; hard cost; per unit),$/unit $/SF,aggregate (~$273k/unit),annual,—,PDF,download,n/a,varies,public,verified,Calibration for multifamily $/unit
L06,2,state,lihtc_cost_data,NV: Nevada Housing Division LIHTC applications received (units; TDC),NV,https://housing.nv.gov/uploadedFiles/housingnvgov/content/programs/LIH/2014LIHTCAppsRcd20140507.pdf,Affordable housing development cost (TDC; hard cost; per unit),$/unit $/SF,project/city,annual,—,PDF,download,n/a,varies,public,verified,Calibration for multifamily $/unit
L07,2,state,lihtc_cost_data,NY: NYC Open Data LIHTC awarded by HPD (project & building),NY,https://data.cityofnewyork.us/Housing-Development/Low-Income-Housing-Tax-Credits-Awarded-by-HPD-Proj/p8i7-ix2s,Affordable housing development cost (TDC; hard cost; per unit),$/unit $/SF,project,ongoing,—,Socrata,download,n/a,varies,public,verified,Calibration for multifamily $/unit
L08,2,state,lihtc_cost_data,US: GAO-18-637 LIHTC development cost appendix (12 agencies; 2011-2015; median $204k/unit),US,https://www.gao.gov/products/gao-18-637,Affordable housing development cost (TDC; hard cost; per unit),$/unit $/SF,project/agency,2018,—,PDF,download,n/a,varies,public,verified,Calibration for multifamily $/unit
L09,2,state,lihtc_cost_data,"US: Abt/NCSHA Variation in Development Costs for LIHTC Projects (2018; 2,500+ properties)",US,https://www.ncsha.org/wp-content/uploads/2018/09/Final-LIHTC-Costs-Analysis_2018_08_31.pdf,Affordable housing development cost (TDC; hard cost; per unit),$/unit $/SF,project/regional,one-off,—,PDF,download,n/a,varies,public,verified,Calibration for multifamily $/unit
L10,2,state,lihtc_cost_data,CA: Terner Center Cost of Building Housing series; LIHTC prevailing wage analysis (+$94k/unit),CA,https://ternercenter.berkeley.edu/research-and-policy/the-cost-of-building-housing-series/,Affordable housing development cost (TDC; hard cost; per unit),$/unit $/SF,project,series,—,PDF,download,n/a,varies,public,verified,Calibration for multifamily $/unit
L11,2,state,lihtc_cost_data,multi: Other HFA award pages (CO CHFA; GA DCA scoring data; VA application archive; MI MSHDA; WI WHEDA; IL IHDA QAP per-SF limits; AZ; PA; OH; NJ) — cost fields unconfirmed,multi,https://www.chfainfo.com/rental-housing/housing-credit/awards,Affordable housing development cost (TDC; hard cost; per unit),$/unit $/SF,project,annual,—,HTML/PDF/XLSX,download,n/a,varies,public,partially verified,Calibration for multifamily $/unit
L12,2,state,lihtc_cost_data,US: HUD LIHTC Database (no development cost fields),US,https://www.huduser.gov/portal/datasets/lihtc/property.html,Affordable housing development cost (TDC; hard cost; per unit),$/unit $/SF,project,periodic,—,CSV,download,n/a,varies,public,verified,Calibration for multifamily $/unit
F54,1,federal,unit_price_civil,FHWA Federal Lands Highway Bid Unit Price Analysis (EEBACS) + Federal Lands bid tabulations,FHWA FLH,https://highways.dot.gov/federal-lands/construction/eebacs/bid-unit-price-analysis,Unit bid price analysis for Federal Lands projects; bid tabs,$/unit,FLH divisions (EFL/CFL/WFL),per letting,—,HTML/PDF,download,verify,—,public domain,verified (URL),Bid tabs https://highways.dot.gov/federal-lands/business/construction-contracting/bids
B01,2,commercial_bids,trade_level_bid_results,NY Wicks Law separate trade bids (GML §101),NY,https://www.nyconstructionlaw.com/wicks-law/,Separate plumbing/HVAC/electrical/GC bids > $3M NYC / $1.5M suburbs / $500k upstate,statute,state,—,—,HTML,—,n/a,—,public,verified,
B02,2,commercial_bids,trade_level_bid_results,SUNY Construction Fund bid opening results report,SUCF,https://appls.sucf.suny.edu/public/BidReports/BidOpeningResultsRpt.cfm?fileType=pdf,Multi-prime bid openings (e.g. four prime contracts) with all bidders,lump sum per prime,project,continuous,—,PDF/HTML,download,all bidders,rolling (older in NYS Contract Reporter),public,verified,
B03,2,commercial_bids,trade_level_bid_results,DASNY bid results & awards,DASNY,https://www.dasny.org/opportunities/bid-results-and-awards,Contractors + bid amounts 48 hrs after opening; Wicks trade contracts,lump sum,project,per opening,—,HTML,download,all bidders,archive,public,verified,
B04,2,commercial_bids,trade_level_bid_results,NY OGS contractor bid results (Design & Construction),NY OGS,https://ogs.ny.gov/contractor-bid-results,Bid results per contract; PDFs archived by year,lump sum,project,per opening,—,HTML+PDF,download,all bidders,multi-year,public,verified,
B05,2,commercial_bids,trade_level_bid_results,NYC DCAS citywide bid tabulations,NYC DCAS,https://www.nyc.gov/site/dcas/business/citywide-bid-tabulations-2025.page,Construction bid tabs (GC; elevator modernization; façade) with line items,lump sum + line items,project,continuous,—,PDF,download,all bidders,2019+,public,verified,
B06,2,commercial_bids,trade_level_bid_results,NYC SCA bid tabulation lookup,NYC SCA,http://nycsca.org/Footer/BID,Bidders per solicitation,—,project,per opening,—,HTML,lookup,all bidders,?,public,partially verified (amounts unverified),
B07,2,commercial_bids,trade_level_bid_results,PA Separations Act (71 P.S. §1618),PA,https://codes.findlaw.com/pa/title-71-ps-state-government/pa-st-sect-71-1618/,"Separate plumbing/heating/ventilating/electrical bids > $4,000 on public work",statute,state,—,—,HTML,—,n/a,1913+,public,verified,
B08,2,commercial_bids,trade_level_bid_results,PA DGS eMarketplace Bid Tabs,PA DGS,https://www.emarketplace.state.pa.us/BidTabs.aspx,All bidders + amounts per separate prime; posted within 2 days,lump sum per trade prime,project,continuous,—,HTML+attachments,search,all bidders,?,public,verified,
B09,2,commercial_bids,trade_level_bid_results,Penn State OPP bid results / trade bid packages,Penn State,https://www.opp.psu.edu/planningdesignconstruction/project-bidsproposals/bid-results,Bid tab per trade package (General; Plumbing & Equipment; Roof; …) + awardee,lump sum per package,project,per package,—,HTML+files,download,all bidders,?,public,verified,Not posted when CM/DB holds trade contract; https://www.opp.psu.edu/tradebid-packages
B10,2,commercial_bids,trade_level_bid_results,WI single prime with filed MEP sub-bids (§16.855) — DOA DFD bid tabs,WI DOA,https://wisbuildnet.doa.state.wi.us/public/bidlist_public_past.aspx,MEP sub-bid tabulations posted within 48 hrs + single-prime totals; past-projects archive,lump sum per M/E/P,project,per opening,—,bid tab files,download,all bidders,multi-year,public,verified,Threshold $600k (2023 Act 19); current list https://wisbuildnet.wisconsin.gov/public/bidlist_public.aspx
B11,2,commercial_bids,trade_level_bid_results,MA filed sub-bid law (c.149 §44F) — DCAMM bid/sub-bid responses via Bid Express,MA DCAMM,https://www.mass.gov/how-to/view-dcamm-bidrfqrfp-responses,18 filed sub-bid classes (roofing; metal windows; waterproofing; misc iron; lath/plaster; acoustical; marble; tile; terrazzo; resilient; glazing; painting; plumbing; HVAC; electrical; elevators; masonry; sprinkler): trade × sub × amount × alternates,lump sum per class,project,per opening,—,Bid Express (free registration),download,all sub-bidders,?,public,verified,Statute https://codes.findlaw.com/ma/part-i-administration-of-the-government-ch-1-182/ma-gen-laws-ch-149-sect-44f/
B12,2,commercial_bids,trade_level_bid_results,Illinois Capital Development Board solicitation results,IL CDB,https://webapps.illinois.gov/CDB/Fiscal/Public/BidInformation/SolicitationResults/,Bid opening results by CDB work category,lump sum,project,continuous,—,HTML,download,all bidders,unofficial results ~1 month (poll),public,verified,Chicago https://cdbpublic2.cdb.state.il.us/cdbdev/site/cdbbiz?WSLOAD=BTChi
B13,2,commercial_bids,trade_level_bid_results,NC State Construction Office / eVP final bid tabulations,NC DOA,https://www.doa.nc.gov/divisions/state-construction-office/reports,Final tabs include pricing for all responding vendors (posting mandatory),lump sum,project,per solicitation,—,eVP portal,download,all bidders,?,public,verified,
B14,2,commercial_bids,trade_level_bid_results,Ohio OFCC bids & RFQs (multi-prime still used; same-day posting); OSU FOD bids,OFCC / OSU,https://ofcc.ohio.gov/project-opportunities/bids-rfqs/bids-rfqs,Bid results per contract,lump sum,project,same day,—,HTML+PDF,download,all bidders,?,public,verified,OSU https://fod.osu.edu/bids
B15,2,commercial_bids,trade_level_bid_results,Delaware §6962 named-subcontractor listing; bids.delaware.gov,DE,https://law.justia.com/codes/delaware/title-29/chapter-69/subchapter-iv/section-6962/,Sub names per category on every bid (no prices),—,project,per bid,—,HTML,—,n/a,—,public,verified,
B16,2,commercial_bids,trade_level_bid_results,Louisiana DOA Facility Planning & Control bid tabulation sheets,LA DOA FPC,https://www.doa.la.gov/doa/fpc/project-administration-state/construction-bid-advertisements-and-results/,Bid tab PDFs incl. mech/elec packages; base + alternates; stable URLs,lump sum + alternates,project,per bid date,—,PDF,download,all bidders,2019–2026,public,verified,
B17,2,commercial_bids,trade_level_bid_results,University of Kentucky construction bid tabulations,UK,https://purchasing.uky.edu/bid-tabulations-construction-projects,All bidders; base + additive alternates; owner estimate,lump sum,project,continuous,—,PDF,download,all bidders,multi-year,public,verified,
B18,2,commercial_bids,trade_level_bid_results,University of Iowa Build UI bids / tabulations,U Iowa,https://buildui.facilities.uiowa.edu/buildui/bids,Tabulation of bids with alternates,lump sum,project,per opening,—,PDF (signed S3),download,all bidders,2025–26,public,verified,
B19,2,commercial_bids,trade_level_bid_results,Western Washington University per-package bid tabulations (GC/CM),WWU,https://fdo.wwu.edu/pw758-eecs-all-bid-tabulations,Separate tab per subcontract bid package (e.g. Structural Concrete),lump sum per trade package,project,per package,—,HTML+files,download,all sub bidders,archived,public,verified,WA GC/CM: 70% of sub work competitively bid
B20,2,commercial_bids,trade_level_bid_results,Michigan DTMB construction bid results; University of Michigan AEC; University of Washington; UNI; Iowa State,various,https://www.michigan.gov/dtmb/procurement/design-and-construction/pro-and-construction-contractors/construction-bid-results,Bid results pages,lump sum,project,continuous,—,HTML,download,all bidders,?,public,verified (URLs),
B21,2,commercial_bids,trade_level_bid_results,Chicago Housing Authority bid tabulations,CHA,https://www.thecha.org/contracting-opportunities/bid-tabulations-and-proposal-registers,Bid tabs within 24–48 hrs,lump sum,project,per opening,—,PDF,download,all bidders,2021+,public,verified,
B22,2,commercial_bids,trade_level_bid_results,Clark County School District bid tabulation sheets,CCSD,https://secure.ccsd.net/departments/contracts-procurement-compliance/bids-in-progress,All bidders + amounts next day,lump sum,project,per opening,—,PDF,download,all bidders,multi-year,public,verified,
B23,2,commercial_bids,trade_level_bid_results,Miami-Dade County Public Schools solicitations; LAUSD formal construction bid results,M-DCPS / LAUSD,https://solicitations.dadeschools.net/defaultcb,Bid results per school project,lump sum,project,continuous,—,HTML/PDF,download,all bidders,?,public,verified,LAUSD https://procurement.lausd.org/apps/pages/formal-construction
B24,2,commercial_bids,trade_level_bid_results,Utah DFCM bid tabs in U3P-Bonfire (same day); NV SPWD recommendation-to-award; NYCHA awards,various,https://dfcm.utah.gov/construction-management/project-requests-and-approvals/,Tabs inclusive of all bids (UT); award letters (NV); awards (NYCHA),lump sum,project,per opening,—,portal/PDF,download,varies,?,public,partially verified,
B25,2,commercial_bids,trade_level_bid_results,Not posted: Houston ISD (records request); Texas A&M (on request); Chicago Public Schools (awards only); federal building bid abstracts (award totals only),various,https://www.gsa.gov/forms-library/abstract-offers-construction,No public trade-level data,—,—,—,—,—,—,—,—,public,verified (negative),
B26,2,commercial_bids,trade_level_bid_results,California Subletting & Subcontracting Fair Practices Act (PCC §4100) listed subs,CA,https://leginfo.legislature.ca.gov/faces/codes_displayText.xhtml?lawCode=PCC&division=2.&title=&part=1.&chapter=4.&article=,Subs > 0.5% listed by name/license on every public bid — no amounts,—,project,per bid,—,—,—,n/a,—,public,verified,
H01,2,multifamily_cost,hard_cost_data,HUD-92331-B trade cost breakdown (CSI-division schedule attached to HUD-92330-A),HUD,https://www.hud.gov/sites/documents/doc_20668.pdf,Canonical division-level actual cost schedule; filed forms FOIA-only,$/division,project,—,—,PDF form,FOIA,n/a,—,public domain,verified,92330 https://www.hud.gov/sites/dfiles/OCHCO/documents/92330.pdf ; 92330-A …/92330-a.pdf ; worked example https://ahacpa.org/resources/_free/cost-cert-contractor.pdf
H02,2,multifamily_cost,hard_cost_data,HUD Insured Multifamily Mortgages + Firm Commitments/Initial Endorsements (FY2001+),HUD,https://www.hud.gov/hud-partners/multifamily-data,"Loan-level: units, mortgage amount, location, endorsement dates, SOA — no cost breakdown/SF/type",$,project,monthly/quarterly,—,XLSX,download,n/a,FY2001+,public domain,verified,
H03,2,multifamily_cost,hard_cost_data,"HUD-92264 appraisal form (building type, GFA, NRA, replacement cost) — not published",HUD,https://www.hud.gov/sites/dfiles/OCHCO/documents/92264.pdf,Field schema only,—,project,—,—,PDF form,FOIA,n/a,—,public domain,verified,
H04,2,multifamily_cost,hard_cost_data,TX TDHCA individually imaged full 9% applications (Development Cost Schedule),TDHCA,https://tdhca.texas.gov/competitive-9-housing-tax-credits,Per-project cost schedule inside imaged application; archive of prior cycles,$/line item,project/county,annual,—,PDF (native XLS),download,n/a,multi-year,public,verified,archive https://www.tdhca.texas.gov/9-competitive-housing-tax-credits-archive
H05,2,multifamily_cost,hard_cost_data,CA CTCAC received applications (Excel worksheets posted as PDF each round) + staff reports,CTCAC,https://www.treasurer.ca.gov/ctcac/applications,Sources & Uses with construction cost breakdown per project,$/line item,project/county,per round,—,PDF,download,n/a,~12+ years,public,verified,staff reports https://www.treasurer.ca.gov/ctcac/meeting/staff
H06,2,multifamily_cost,hard_cost_data,FL FHFC RFA submitted applications (full packages incl. Development Cost Pro Forma),FHFC,https://www.floridahousing.org/programs/developers-multifamily-programs/competitive/rfa-submitted-applications,Per-project cost pro forma; enumerable URL Download?appNumber=…&docType=APP+PACKAGE,$/line item,project/county,per RFA,—,PDF,download,n/a,2023+ seen,public,verified,
H07,2,multifamily_cost,hard_cost_data,Virginia Housing tax credit application archive (9% + 4%),Virginia Housing,https://www.virginiahousing.com/en/partners/rental-housing/housing-tax-credit-application-archive,Reservation applications + market studies per project by year,$/line item,project/county,annual,—,PDF (from XLSX),download,n/a,2023–2025 seen,public,verified,
H08,2,multifamily_cost,hard_cost_data,WA Commerce Housing Trust Fund cost data reports,WA Commerce,https://www.commerce.wa.gov/housing-policy/housing-reports/,Median cost/unit 2019 $207k → 2022 $316k → 2023 $302k; King Co. $357k vs rural $222k,$/unit,county/region,biennial (was annual),—,PDF,download,n/a,2019–2023,public,verified,
H09,2,multifamily_cost,hard_cost_data,MN Housing cost containment reports (predictive model on 2003–2024 deals),MN Housing,https://mnhousing.gov/documents/52434/2024-cost-containment-report-final-11132024/view,TDC/unit by segment (new/rehab; metro/Greater MN; LIHTC/non),$/unit,segment,annual,—,PDF,download,n/a,2003–2024,public,verified,
H10,2,multifamily_cost,hard_cost_data,CO CHFA Affordable Housing Development Cost Dashboard,CHFA,https://www.chfainfo.com/chfa-news/12152021-affordable-housing-dev-dashboard,"$/unit and $/SF by year, region, credit type, resident population, development type (5-yr avg $289,737/unit; $286/SF)",$/unit $/SF,region,refresh unconfirmed,—,BI dashboard,web,n/a,5-yr,public,verified,
H11,2,multifamily_cost,hard_cost_data,WSHFC annual Affordable Housing Cost Data Report; OHFA cost containment standards; MSHDA cost cert guide; IHDA lists; PHFA; NCHFA; GA DCA (cost certifications category); MD DHCD Guide to Project Development Costs (taxonomy),various HFAs,https://dhcd.maryland.gov/HousingDevelopment/Documents/mfresources/MFH-Guide-Project-Development-Costs.pdf,"Standards, guides, lists; no per-project repositories confirmed",—,state,annual,—,PDF,download,n/a,—,public,partially verified,
H12,2,multifamily_cost,hard_cost_data,RAND High Cost of Producing Multifamily Housing in California (2025) — Appendix Table A.18 wrap sub-bid deltas,RAND,https://www.rand.org/content/dam/rand/pubs/research_reports/RRA3700/RRA3743-1/RAND_RRA3743-2.pdf,Sub-bid hard cost differences per NRSF for two concurrent wrap projects (CA vs TX); fees $1k TX / $12k CO / $29k CA per unit,$/NRSF,project pair,one-off,—,PDF,download,n/a,2025,free,verified,
H13,2,multifamily_cost,hard_cost_data,Terner Center Hard Costs of Construction (240 CA multifamily projects 2009–2018; line-item level),Terner,https://ternercenter.berkeley.edu/wp-content/uploads/2020/08/Hard_Construction_Costs_March_2020.pdf,Per-SF hard cost trends; dataset unpublished,$/SF,project,one-off,—,PDF,download,n/a,2009–2018,free,verified,
H14,2,multifamily_cost,hard_cost_data,NMHC/NAHB Cost of Regulations 2022 (regulation = 40.6% of MF TDC); SDHC 2025 cost study,NMHC/NAHB; SDHC,https://www.nmhc.org/globalassets/research--insight/research-reports/cost-of-regulations/2022-nahb-nmhc-cost-of-regulations-report.pdf,Cost composition,%,national/portfolio,one-off,—,PDF,download,n/a,2022/2025,free,verified,
H15,2,multifamily_cost,hard_cost_data,"Apartment REIT development schedules in EDGAR 8-K supplementals (AvalonBay, Camden; Prologis TEI; AMH BTR $250k–$400k/home)",SEC EDGAR,https://www.sec.gov/Archives/edgar/data/915912/000091591224000002/q42023ex-992.htm,"Per-community total capital cost, homes, city → $/unit by project and metro (AVB ~$378k/unit 2025; CPT $361k–$423k)",$/unit,project/metro,quarterly,—,HTML/PDF,download,n/a,15+ years,public,verified,Camden https://www.sec.gov/Archives/edgar/data/906345/000090634521000007/exhibit992supplementq420.htm
H16,2,multifamily_cost,hard_cost_data,"RLB North America Quarterly Construction Cost Report ($/SF GFA, 15 typologies × 14–16 metros incl. multifamily & parking)",RLB,https://www.rlb.com/americas/insights/theme/construction-cost-report/,Hard cost $/SF by building type × city + index; public cost calculator,$/SF,metro × typology,quarterly,—,PDF,download,n/a,multi-year,free (proprietary),verified,calculator https://www.rlb.com/ccc/
H17,2,multifamily_cost,hard_cost_data,Cushman & Wakefield Industrial Construction Cost Guide (46 markets × 3 DC sizes: $139/$85/$77 per SF),C&W,https://www.cushmanwakefield.com/en/united-states/insights/industrial-construction-cost-guide,Ground-up build-to-suit distribution centers,$/SF,metro × size,annual,—,flipbook/PDF,download,n/a,2024–2025,free,verified,
H18,2,multifamily_cost,hard_cost_data,Cushman & Wakefield Data Center Development Cost Guide 2025/2026 ($/MW; 19 markets $9.3M–$15M),C&W,https://cushwake.cld.bz/Data-Center-Development-Cost-Guide-2025/8-9/,$/MW by market; 2026 +21%,$/MW,metro,annual,—,flipbook,download,n/a,2024–2026,free,verified,
H19,2,multifamily_cost,hard_cost_data,JLL US & Canada Office Fit-Out Cost Guide (US avg $280/SF 2025); CBRE law-firm fit-out (24 markets); C&W office fit-out,JLL / CBRE / C&W,https://www.jll.com/en-us/guides/us-canada-office-fit-out-costs-guide,Office fit-out $/SF by market × quality,$/SF,metro,annual,—,PDF/HTML,download,n/a,annual editions,free,verified,
H20,2,multifamily_cost,hard_cost_data,"Turner & Townsend Global Construction Market Intelligence 2025 (99 cities; 11 types incl. high-rise apartments; US labor $76/hr avg, NY $131/hr)",T&T,https://publications.turnerandtownsend.com/global-construction-market-intelligence-2025/north-america,$/m² by city; labor rates,$/m²,city,annual,—,HTML/PDF,download,n/a,annual,free,verified,Data centre index https://www.turnerandtownsend.com/insights/data-centre-construction-cost-index-2025-2026/
H21,2,multifamily_cost,hard_cost_data,CBRE Warehouse & Distribution Construction Cost Trends (15 markets),CBRE,https://www.cbre.com/insights/reports/warehouse-and-distribution-construction-cost-trends-2023-2024,Industrial $/SF trends,$/SF,metro,periodic,—,HTML,download,n/a,2023–24,free,verified,
H22,2,multifamily_cost,hard_cost_data,Yardi Matrix / CoStar — supply and rents; no construction-cost dataset,Yardi / CoStar,https://www.yardimatrix.com/publications/,Negative finding,—,—,—,—,—,—,n/a,—,proprietary,verified (negative),
D01,2,commercial_materials,channel_price_signal,Southwire building wire list prices + published multiplier mechanic (net = 4-decimal multiplier × list); Cerrowire price sheets; Service Wire daily copper close,Southwire / Cerrowire,https://www.southwire.com/pricing,"List $/1,000 ft; copper base (COMEX $6.5370/lb 2026-09-03)",$/kft,national list,per price letter,—,PDF,download,n/a,dated sheets,free,verified,https://www.cerrowire.com/products/price-sheets/ ; https://www.servicewire.com/ServiceWire/Resources/Daily-Copper-Close.htm
D02,2,commercial_materials,channel_price_signal,Eaton Price & Availability Digest + B-Line price sheets (PDF/XLSX); Schneider/Square D DigestPLUS,Eaton / Schneider,https://www.eaton.com/content/dam/eaton/resources/price/price-and-availability-digest-pd08401001e.pdf,Electrical list prices with discount symbols → multipliers,list $,national,periodic,—,PDF/XLSX,download,n/a,current,free,verified,B-Line https://www.eaton.com/us/en-us/products/support-systems/b-line-series-price-sheets.html ; DigestPLUS https://www.se.com/us/en/work/support/resources-and-tools/digestplus/
D03,2,commercial_materials,channel_price_signal,"Plumbing manufacturer list books: Watts 2026, WaterPEX, Viega US (PDF + XLSX, 2026-03-01), Uponor, Charlotte Pipe (NH-126 eff. 1/1/2026), NIBCO (PDF/Excel), Tyler Pipe",manufacturers,https://www.viega.us/content/dam/viegadm/download-assets/en_us/tech-marketing/cvr-and-price-list/US_Price_List-Excel.xlsx,Dated list prices; distributor applies multiplier,list $,national,per price letter,—,PDF/XLSX,download,n/a,current,free,verified,Watts https://www.watts.com/dfsmedia/0533dbba17714b1ab581ab07a4cbb521/18056-source/639035580020000000/pl-watts-2604-linked.pdf ; Charlotte https://www.charlottepipe.com/price-lists ; NIBCO https://www.nibco.com/resources/download-library/?f0=assetSubType%253A%253A%253AAsset%2520SubType%253A%253A%253APrice%2520Sheets ; Uponor https://www.uponor.com/en-us/price-lists ; Tyler https://www.tylerpipe.com/resources/pricing-literature/price-sheets/
D04,2,commercial_materials,channel_price_signal,Public contractor net sheets: Lee County FL Ferguson (LIST/DISCOUNT/NET) and Graybar (per-manufacturer discount categories),Lee County FL,"https://www.leegov.com/procurement/Project%20Documents/B170482GWT%20Annual-Water,%20Sewer,%20and%20Irrigation%20Materials%20Bid/Ferguson%20Price%20Sheet%207.30.21.pdf",Real distributor net pricing in a public annual materials bid,$/unit,county,per bid,—,PDF,download,awarded,2021,public record,verified,Graybar https://www.leegov.com/procurement/Project%20Documents/PB180157KLC%20Electrical%20Lighting%20Data%20Graybar/EV2370%20Appendix%20B-1%20%20B-2.pdf ; pattern replicable across large counties
D05,2,commercial_materials,channel_price_signal,NY OGS statewide contract price lists and discount-off-list schedules (Graybar; Appendix C),NY OGS,https://online.ogs.ny.gov/purchase/spg/pdfdocs/3900022918PL_Graybar.pdf,List/MSRP + contractually approved % discount,$/unit,state,per contract update,—,PDF,download,awarded,current,public record,verified,Appendix C https://online.ogs.ny.gov/purchase/snt/awardnotes/7720123150AppendixC.pdf
D06,2,commercial_materials,channel_price_signal,"GSA Advantage / MAS awarded price lists (ref_text/) incl. flooring (Shaw), HVAC (Trane)",GSA,https://www.gsaadvantage.gov/,Every awarded item with GSA price incl. IFF; structured text + PDF; no login,$/unit,national,continuous,—,PDF/text,download,awarded,years,public,verified,Guide https://vsc.gsa.gov/drupal/sites/default/files/internal-files/MAS_Consolidation_Mass_Mod_812_Price_List_Text_File_Guide.pdf ; Shaw https://gsa.shawcontract.com/SiteFiles/welcomesgsa/DealerContent/PDF/GSA-Price-List-PS-0083-April-2020-Shaw-Contract.pdf
D07,2,commercial_materials,channel_price_signal,Sourcewell cooperative contracts (HVAC #070121 Carrier/JCI/Siemens/Trane/Daikin; Grainger MRO price info; construction equipment master matrix; roofing via ezIQC),Sourcewell,https://www.sourcewell-mn.gov/contract-search,Contract docs public; sample pricing PDFs on files.sourcewell.org; HVAC pricing routes to rep,discount off list,national,per contract,—,PDF,download,awarded,current,public,verified (HVAC price files unconfirmed),Grainger https://files.sourcewell.org/public/Shared%20Documents/Solicitations/General/091422-10590/091422-WWG/Additional%20Documents/Sourcewell%20Facility%20MRO%20Contract%20-%20091422-WWG%20-%20Price%20Information.pdf
D08,2,commercial_materials,channel_price_signal,"Other cooperatives: OMNIA (Garland, Tremco, Gordian JOC; membership-gated), HGACBuy (pricing worksheets), NASPO ValuePoint (price lists under contractor documents), Equalis (JOC, Mohawk), TIPS-USA, BuyBoard, E&I, PEPPM; Pavilion index",various,https://www.withpavilion.com/,Negotiated contractor-grade pricing; visibility varies,discount off list,national/state,per contract,—,PDF/portal,download,awarded,current,public/membership,verified,HGACBuy https://www.hgacbuy.org/resources/contract-pricing-worksheet ; NASPO https://www.naspovaluepoint.org/faq/where-can-i-find-contract-pricing/
D09,2,commercial_materials,channel_price_signal,"Distributor price-increase archives — interiors: ABC Supply Interiors (ex-L&W), FBM, Cameron Ashley, Negwer (USG; ClarkDietrich eff. 2026-03-02), Marjam, Metro Interiors, Performance Pro Supply, KAMCO",distributors,https://www.abcsupplyinteriors.com/resource-center/manufacturer-pricing-updates/,"Manufacturer increase %/effective dates for drywall, studs, insulation, ceilings (National Gypsum eff. 2026-06-01; JM 7–25% eff. 2025-03-24)",% + date,national,continuous,—,HTML/PDF,scrape,n/a,years,public,verified,FBM https://www.fbmsales.com/price-increases/ ; Cameron Ashley https://www.cameronashleybp.com/pricenotices ; Negwer https://www.negwer.com/resources/news/post/7014/price-increase-notice-clarkdietrich.aspx
D10,2,commercial_materials,channel_price_signal,"Distributor price-increase archives — roofing: ABC Supply low-slope (Carlisle eff. 2026-07-01), SRS (Q3 2026 commercial), Beacon, Mid-Atlantic Roofing, Carolina Atlantic",distributors,https://www.abcsupply.com/contractor-center/manufacturer-price-increase-announcements/low-slope-roofing/,Commercial membrane manufacturer increases with dates,% + date,national,continuous,—,HTML/PDF,scrape,n/a,years,public,verified,SRS https://www.srsdistribution.com/en/resources/price-increase-announcements/
D11,2,commercial_materials,channel_price_signal,Nucor weekly Consumer Spot Price (HRC) via Steel Market Update coverage; CMC/Nucor rebar announcements,Nucor / SMU,https://www.steelmarketupdate.com/data/prices/,"Dated mill price series ($865 Aug 2025 → $1,180/ton Aug 2026); rebar +$30/ton moves",$/ton,national,weekly,—,HTML,scrape (SMU subscription for data),n/a,years,SMU proprietary; announcements public,verified,
D12,2,commercial_materials,channel_price_signal,Cemex USA nationwide ready-mix price increase announcements; cement outlook (Gabelli),Cemex,https://www.cemexusa.com/w/cemex-usa-announces-nationwide-ready-mix-concrete-price-increase,Direction/date; amounts not in snippets,—,national,ad hoc,—,HTML,scrape,n/a,—,public,verified (URL),
D13,2,commercial_materials,channel_price_signal,Random Lengths (Fastmarkets) framing lumber composite — methodology guide public; Tax Credit Advisor multifamily lumber benchmarks (lumber+EWP ≈ 12–18% of vertical hard cost; 5-over-1 $340–440/SF),Fastmarkets / TCA,https://www.fastmarkets.com/uploads/2025/04/Methodology-Guide-Lumber_Apr-2025.pdf,Composite methodology; MF benchmarks,$/MBF,regional,weekly,—,PDF,subscription (methodology free),n/a,decades,proprietary,verified,TCA https://www.taxcreditadvisor.com/articles/2026-us-construction-cost-outlook-q2-update/
D14,2,commercial_materials,channel_price_signal,Door hardware list books: Allegion ProExpress; SECLOCK price-book library (Allegion Multi-Family 2023; ASSA ABLOY 2026 eff. 2026-02-02); Lawrence Hardware 2026,Allegion / SECLOCK / Lawrence,https://www.seclock.com/catalog/price-books?id=36,Dated list prices; distributor multipliers (e.g. 0.375 on a Kwikset line),list $,national,per edition,—,PDF,download,n/a,current,free,verified,Allegion https://us.allegion.com/content/dam/allegion-us-2/web-files/allegion/price-book/Allegion_ProExpress_Price_Book_110445.pdf
D15,2,commercial_materials,channel_price_signal,"HVAC light-commercial e-tail (HVACDirect, AC Wholesalers, OnlineSupply, Peirce-Phelps) — prices masked above ~$2,000; real channel Watsco/Carrier Enterprise/Gemaire gated",e-tailers / Watsco,https://hvacdirect.com/commercial-hvac-equipment/commercial-rooftop-units.html,Partial unit prices for RTUs/splits,$/unit,national,real-time,—,HTML,scrape,n/a,—,TOS,partially verified,Biggest structural blind spot; Trane GSA schedule https://www.trane.com/commercial/north-america/us/en/support/funding-implementation/cooperative-and-group-purchasing/gsa-contract-holder.html
D16,2,commercial_materials,channel_price_signal,Trimble Trade Service TRA-SER (electrical/mechanical list feed; ~2M items; SX adds average market pricing),Trimble,https://www.trimble.com/en/products/tradeservice,Licensable list-price feed,list $,national,weekly/daily,—,feed,"subscription (~$1,200–1,800/yr forum-reported)",n/a,—,proprietary,verified (price = forum claim),
D17,2,commercial_materials,channel_price_signal,Vision InfoSoft EPIC (electrical & plumbing; Target and Trade columns); NetPricer (pulls contractor negotiated prices),Vision InfoSoft / ElectricSmarts,https://www.visioninfosoft.com/electrical-material-pricing/,Licensable list feed,list $,national,3 updates/wk,—,feed,"EPIC DUO $456/yr; full < $1,000/yr",n/a,—,proprietary,verified,
D18,2,commercial_materials,channel_price_signal,"Harrison Publishing House / CINX (plumbing, HVAC, mechanical list pricing; ~3M items)",Harrison,https://www.cinx.com/pricing.php,Licensable list feed,list $,national,continuous,—,feed,"$1,100/yr per location (+$500 partner software)",n/a,1912+,proprietary,verified,
D19,2,commercial_materials,channel_price_signal,IDEA (NAED+NEMA+NEMRA) electrical product content/EDI hub — not a price index,IDEA,https://idea4industry.com/,Product content syndication,—,national,continuous,—,feed,licensable,n/a,—,proprietary,verified,
D20,2,commercial_materials,channel_price_signal,"Trimble Materials (StructShare, acquired May 2025) — holds line-item supplier pricing trends privately; Kojo, Toolbx publish nothing",Trimble / Kojo / Toolbx,https://www.trimble.com/en/products/trimble-materials,No public data,—,—,—,—,—,custom,n/a,—,proprietary,verified,
D21,2,commercial_materials,channel_price_signal,ENR weekly 20-city material prices (monthly rotation: cement/concrete/asphalt/aggregate; pipe; lumber/drywall; steel incl. rebar & I-beams) + ENRCostData API,ENR,https://www.enr.com/economics,City-level material price series,$/unit,20 cities,weekly,—,PDF/web,subscription (API tiers),n/a,decades,proprietary,verified,https://enrcostdata.com/faq
D22,2,commercial_materials,channel_price_signal,AGC monthly PPI/ECI tables incl. subcontractor-segment PPIs; Cumming free Commodities Material Price Index; Levelset retail material tracker,AGC / Cumming / Procore,https://www.agc.org/learn/construction-data/construction-data-producer-prices-and-employment-costs,Free indexes,index,national,monthly,—,PDF/web,download,n/a,years,free,verified,Cumming https://insights.cumming-group.com/commodities-material-price-index/ ; Levelset https://www.levelset.com/material-price-tracker/
D23,2,commercial_materials,channel_price_signal,"Elevator public bid tabs (UK modernization: DC Elevator $346,000 vs Otis $466,989; county maintenance tabs) — no new-install benchmark",various,https://purchasing.uky.edu/sites/default/files/2022-01/cck-2583-22bidtab.pdf,Modernization/maintenance awards only,$,project,per bid,—,PDF,download,all bidders,—,public,verified,
D24,2,commercial_materials,channel_price_signal,Not found: CMU/brick/precast list prices; AISC fab+erect $/ton; joist/deck pricing; fire sprinkler benchmark; MF vinyl window pricing; commercial paint list; BFS/US LBM package pricing,—,—,Gaps,—,—,—,—,—,—,n/a,—,—,not found,
J01,2,commercial_materials,joc,"Gordian JOC / ezIQC Construction Task Catalog (275,000+ tasks; licensed) + adjustment factor guidance (typical 0.8–1.2)",Gordian,https://www.gordian.com/products/job-order-contracting/,UPB licensed; methodology public,coefficient,national/local,annual,—,PDF,licensed,n/a,—,proprietary,verified,Coefficient guide https://www.gordian.com/uploads/2021/12/How-to-Develop-a-JOC-Coefficient.pdf ; RSMeans JOC Core Bid Access https://www.rsmeans.com/products/online/joc-core-bid-access-config
J02,2,commercial_materials,joc,"California county JOC awarded adjustment factors (Fresno, San Bernardino, SLO, San Diego): normal-hours 1.0850/1.0950/1.0990; also 0.9000/0.9400",CA counties,https://www.fresnocountyca.gov/files/sharedassets/county/v/2/public-works-and-planning/design/construction-bidding-opportunities/25-07-j-25-08-j-25-09-j-class-a-general-engineering-joc/25-07-j-25-08-j-25-09-j-joc-a-bid-summary.pdf,Public JOC bid tabs with awarded coefficients (signal of local market vs UPB),coefficient,county,per award,—,PDF,download,all bidders,2021+,public,verified,San Bernardino https://res.sbcounty.gov/wp-content/uploads/sites/26/2021/08/JOC-Tabulation-Master-MJOC14.pdf ; San Diego https://www.sandiego.gov/sites/default/files/k-20-1878-joc-3.pdf
J03,2,commercial_materials,joc,DASNY Using the Construction Task Catalog guide; NYC DDC multiplier bid booklets (FOIL repository); Texas Facilities Commission JOC; Arizona ADOA SPO 053; federal SABER,various,https://www.dasny.org/sites/default/files/rfp-documents/2025-04/5%20Using%20The%20Construction%20Task%20Catalog%C2%AE%20-%20Downstate.pdf,Program mechanics public; UPBs licensed,coefficient,state/agency,—,—,PDF,download,n/a,—,public,verified,DDC https://ddc.foil.nyc/files/documents/EC-SEKS25-Executed_contract.pdf
